source	aspect	direction	term	plot_label	score	overlap_count	term_size	selected_size	background_size	fold_enrichment	pvalue	padj	gene_symbols	method	tool	source_file
GO	CC	down	GO:0030312 | external encapsulating structure	external encapsulating structure [down: ADAM11,ADAMTS10]	9.266726701490766	104	367	2201	16008	2.061029975228005	1.1126767900263814e-13	5.410947229898293e-10	ADAM11,ADAMTS10,ADAMTS14,AGT,ANGPTL2,APLP1,BCAM,BGN,BMPER,C17orf58,CASK,CCIN,CD248,COL12A1,COL14A1,COL15A1,COL16A1,COL1A1,COL1A2,COL24A1,COL27A1,COL3A1,COL4A5,COL4A6,COL5A1,COL6A3,COL6A6,COL9A2,COLQ,CPZ,CSPG4,CTSS,CXCL12,DST,EMID1,EMILIN2,ENTPD1,ESM1,FGFBP3,FGL2,FLG,FLRT2,FLRT3,FNDC1,GDF10,GDF15,GPC1,GPC2,HMCN1,HSP90AA1,IGSF10,INHBE,ITIH5,KAZALD1,KCP,LAMB3,LGALS3,LGALS9,LGI1,LOXL1,LOXL2,LUM,MDK,MFAP2,MFAP4,MMP1,MMP10,MMP11,MMP16,MMP2,MXRA5,NDNF,NTN5,OGN,OLFML2A,OLFML2B,PCOLCE,PODN,POSTN,RARRES2,RSPO2,S100A4,SDC3,SEMA3B,SERAC1,SERPINB6,SERPINE2,SERPINH1,SFRP2,SPARC,SPON2,SSC5D,TGFB2,TGFBI,THBS2,THSD4,TIMP3,TNC,TNFRSF11B,TNXB,VCAN,VEGFA,WNT2,WNT5A	ORA	rnaseq_enrichment	/root/autodl-tmp/abi-real-data/results/rnaseq_airway_abi_test_20260809_12vcpu_62gb_retry1/05_enrichment/go_overrepresentation_plot.tsv
GO	CC	down	GO:0031012 | extracellular matrix	extracellular matrix [down: ADAM11,ADAMTS10]	9.240205899154178	103	366	2201	16008	2.046789462315937	2.36548297650782e-13	5.751671857378764e-10	ADAM11,ADAMTS10,ADAMTS14,AGT,ANGPTL2,APLP1,BCAM,BGN,BMPER,C17orf58,CASK,CD248,COL12A1,COL14A1,COL15A1,COL16A1,COL1A1,COL1A2,COL24A1,COL27A1,COL3A1,COL4A5,COL4A6,COL5A1,COL6A3,COL6A6,COL9A2,COLQ,CPZ,CSPG4,CTSS,CXCL12,DST,EMID1,EMILIN2,ENTPD1,ESM1,FGFBP3,FGL2,FLG,FLRT2,FLRT3,FNDC1,GDF10,GDF15,GPC1,GPC2,HMCN1,HSP90AA1,IGSF10,INHBE,ITIH5,KAZALD1,KCP,LAMB3,LGALS3,LGALS9,LGI1,LOXL1,LOXL2,LUM,MDK,MFAP2,MFAP4,MMP1,MMP10,MMP11,MMP16,MMP2,MXRA5,NDNF,NTN5,OGN,OLFML2A,OLFML2B,PCOLCE,PODN,POSTN,RARRES2,RSPO2,S100A4,SDC3,SEMA3B,SERAC1,SERPINB6,SERPINE2,SERPINH1,SFRP2,SPARC,SPON2,SSC5D,TGFB2,TGFBI,THBS2,THSD4,TIMP3,TNC,TNFRSF11B,TNXB,VCAN,VEGFA,WNT2,WNT5A	ORA	rnaseq_enrichment	/root/autodl-tmp/abi-real-data/results/rnaseq_airway_abi_test_20260809_12vcpu_62gb_retry1/05_enrichment/go_overrepresentation_plot.tsv
GO	MF	down	GO:0030545 | signaling receptor regulator activity	signaling receptor regulator act [down: ADM2,AGT]	6.684421880230673	77	270	2201	16008	2.0741683073350496	1.2758367418807704e-10	2.0681313585887288e-07	ADM2,AGT,CCL11,CCL7,CCL8,CD274,CDNF,COLEC10,CXCL12,CXCL16,DKK2,DLL1,DPP4,ENG,F2RL2,FGF10,FGF13,FLRT2,FLRT3,FST,GDF10,GDF11,GDF15,GDF5,GDF6,GPNMB,GRN,HGF,HSPA8,ICOSLG,IL12A,INHBE,JAG1,JAG2,KAZALD1,LGALS3,LGALS9,LGI1,LIF,LYNX1,MDK,METRNL,MICA,NGF,NRG1,NRG4,PDGFC,PGF,PLAU,PRKCE,PRRT1,PSCA,PTN,RAET1G,RAMP3,S100A4,SECTM1,SELPLG,SEMA3A,SEMA3B,SEMA3D,SEMA3F,SEMA4A,SEMA5A,SEMA6D,SFRP2,TGFB2,TNFRSF11B,TNFRSF14,TNFSF10,TNFSF13B,TNFSF15,TSLP,VEGFA,VEGFC,WNT2,WNT5A	ORA	rnaseq_enrichment	/root/autodl-tmp/abi-real-data/results/rnaseq_airway_abi_test_20260809_12vcpu_62gb_retry1/05_enrichment/go_overrepresentation_plot.tsv
GO	BP	down	GO:0007267 | cell-cell signaling	cell-cell signaling [down: ADORA1,AGT]	6.436814658625334	97	377	2201	16008	1.871317233425366	3.008437982403482e-10	3.657508477107033e-07	ADORA1,AGT,ANGPTL2,ATF4,BEGAIN,BEST1,BRSK1,CACNB4,CADM1,CALB2,CCL7,CCL8,CCR1,CHRM2,CNIH3,COLQ,CRB1,DAGLA,DLG3,DLG4,DLL1,DRP2,DTNA,DTNB,EEA1,EFNA4,EFNB1,ELFN1,EXOC3L1,EZH2,FGF13,FGFBP3,FGFR2,GABRE,GAL3ST4,GDF15,GDF5,GJC1,GJC2,GPNMB,GPR176,GRIA3,GRIK4,GRIK5,GRIN2A,HGF,HRH1,HTR2A,KCND2,KLF10,LIN7B,LRP6,LYNX1,MAPT,MEF2C,MERTK,MPP2,NOTCH1,NPTX1,NQO1,NR3C1,P2RX6,P2RX7,PANX2,PCDH1,PCDHB13,PCDHB5,PCSK5,PGF,PHEX,PLCB1,PMP22,PPFIA3,PRRT2,PSCA,PTEN,PTPRD,RASD2,RGS10,SCN1B,SCN2B,SEMA3B,SEMA5A,SFRP2,SLC1A7,SNAP47,STX1B,SYNJ1,SYT7,TBX3,TBX5,TNFAIP6,TNFSF10,TNFSF9,TSPAN32,WNK4,WNT2	ORA	rnaseq_enrichment	/root/autodl-tmp/abi-real-data/results/rnaseq_airway_abi_test_20260809_12vcpu_62gb_retry1/05_enrichment/go_overrepresentation_plot.tsv
GO	MF	down	GO:0030546 | signaling receptor activator activity	signaling receptor activator act [down: ADM2,AGT]	6.191211456228192	71	249	2201	16008	2.073843762145356	6.737520000309521e-10	6.438556984464431e-07	ADM2,AGT,CCL11,CCL7,CCL8,CD274,CDNF,COLEC10,CXCL12,CXCL16,DLL1,DPP4,ENG,F2RL2,FGF10,FGF13,FLRT2,FLRT3,GDF10,GDF11,GDF15,GDF5,GDF6,GPNMB,GRN,HGF,HSPA8,ICOSLG,IL12A,INHBE,JAG1,JAG2,KAZALD1,LGALS3,LGALS9,LGI1,LIF,MDK,METRNL,MICA,NGF,NRG1,NRG4,PDGFC,PGF,PLAU,PRKCE,PTN,RAET1G,S100A4,SECTM1,SELPLG,SEMA3A,SEMA3B,SEMA3D,SEMA3F,SEMA4A,SEMA5A,SEMA6D,SFRP2,TGFB2,TNFRSF11B,TNFRSF14,TNFSF10,TNFSF13B,TNFSF15,TSLP,VEGFA,VEGFC,WNT2,WNT5A	ORA	rnaseq_enrichment	/root/autodl-tmp/abi-real-data/results/rnaseq_airway_abi_test_20260809_12vcpu_62gb_retry1/05_enrichment/go_overrepresentation_plot.tsv
GO	MF	down	GO:0048018 | receptor ligand activity	receptor ligand activity [down: ADM2,AGT]	6.191211456228192	69	240	2201	16008	2.091004089050432	7.943932121486035e-10	6.438556984464431e-07	ADM2,AGT,CCL11,CCL7,CCL8,CD274,CDNF,COLEC10,CXCL12,CXCL16,DLL1,DPP4,F2RL2,FGF10,FGF13,FLRT2,FLRT3,GDF10,GDF11,GDF15,GDF5,GDF6,GPNMB,GRN,HGF,HSPA8,ICOSLG,IL12A,INHBE,JAG1,JAG2,KAZALD1,LGALS3,LGALS9,LGI1,LIF,MDK,METRNL,MICA,NGF,NRG1,NRG4,PDGFC,PGF,PLAU,PTN,RAET1G,S100A4,SECTM1,SELPLG,SEMA3A,SEMA3B,SEMA3D,SEMA3F,SEMA4A,SEMA5A,SEMA6D,SFRP2,TGFB2,TNFRSF11B,TNFRSF14,TNFSF10,TNFSF13B,TNFSF15,TSLP,VEGFA,VEGFC,WNT2,WNT5A	ORA	rnaseq_enrichment	/root/autodl-tmp/abi-real-data/results/rnaseq_airway_abi_test_20260809_12vcpu_62gb_retry1/05_enrichment/go_overrepresentation_plot.tsv
GO	BP	down	GO:0048666 | neuron development	neuron development [down: AHI1,APLP1]	6.032719718224742	110	457	2201	16008	1.7506265801202356	1.3349778263016589e-09	9.274281670435666e-07	AHI1,APLP1,ARHGEF40,ATAT1,ATP7A,BLOC1S2,BLOC1S5,BRINP1,BRSK1,BTG2,CAMK2A,CDNF,CELSR1,CEP290,CHN1,CNTNAP1,CXCL12,CYFIP2,DIP2A,DLG4,DPYSL3,EDNRA,EFNA4,EFNB1,EPB41L3,EPHA5,EPHB2,EPHB3,ERCC6,EVL,FEZ1,FGFR2,FLRT3,GAS7,GFRA1,GLI2,GPRIN1,HDAC2,IFT88,KALRN,KDM1A,KIAA1755,LGI1,LLGL1,LMO4,LRP4,MAP1A,MAP1B,MAPT,MEF2C,MEST,MMP2,MPDZ,NCDN,NDNF,NDRG4,NEDD4L,NEO1,NGF,NOTCH1,NPTX1,NREP,NTM,NTNG1,OMG,PAK3,PBX2,PHACTR1,PLEKHG4,PLS1,POSTN,PRKG1,PTEN,PTN,PTPRH,RAB6B,ROBO1,ROBO3,ROBO4,RPS6KA5,RTN4RL2,SAMD11,SCN1B,SEMA3A,SEMA3B,SEMA3D,SEMA3F,SEMA4A,SEMA5A,SEMA6D,SHANK3,SLC4A7,SLITRK6,SMO,SPTBN4,STMN3,TENM4,TGFB2,TNIK,TNXB,TUBA1A,TUBB3,UBB,UNC5B,UNK,VASH2,VEGFA,WNT5A,ZMIZ1,ZNF365	ORA	rnaseq_enrichment	/root/autodl-tmp/abi-real-data/results/rnaseq_airway_abi_test_20260809_12vcpu_62gb_retry1/05_enrichment/go_overrepresentation_plot.tsv
GO	BP	down	GO:0048667 | cell morphogenesis involved in neuron differentiation	cell morphogenesis involved in n [down: APLP1,ARHGEF40]	5.018605692518467	65	236	2201	16008	2.003172671897982	1.5760864122183107e-08	9.580635278272056e-06	APLP1,ARHGEF40,BRSK1,CELSR1,CHN1,CNTNAP1,CXCL12,CYFIP2,DIP2A,DLG4,EDNRA,EFNA4,EFNB1,EPHA5,EPHB2,EPHB3,EVL,FEZ1,FGFR2,FLRT3,GLI2,KALRN,KIAA1755,LGI1,LLGL1,LMO4,LRP4,MAP1A,MAP1B,MEF2C,NEO1,NOTCH1,NPTX1,NTNG1,PAK3,PHACTR1,PLEKHG4,PLS1,PRKG1,PTEN,PTN,PTPRH,ROBO1,ROBO3,ROBO4,RPS6KA5,SCN1B,SEMA3A,SEMA3B,SEMA3D,SEMA3F,SEMA4A,SEMA5A,SEMA6D,SHANK3,SLITRK6,SMO,SPTBN4,TENM4,TUBB3,UNC5B,UNK,VEGFA,WNT5A,ZNF365	ORA	rnaseq_enrichment	/root/autodl-tmp/abi-real-data/results/rnaseq_airway_abi_test_20260809_12vcpu_62gb_retry1/05_enrichment/go_overrepresentation_plot.tsv
GO	BP	down	GO:0031175 | neuron projection development	neuron projection development [down: APLP1,ARHGEF40]	4.9442886145975296	93	385	2201	16008	1.756868483629047	2.1040188447221507e-08	1.1368715157648687e-05	APLP1,ARHGEF40,ATP7A,BLOC1S2,BLOC1S5,BRSK1,BTG2,CAMK2A,CDNF,CELSR1,CHN1,CNTNAP1,CXCL12,CYFIP2,DIP2A,DLG4,EDNRA,EFNA4,EFNB1,EPB41L3,EPHA5,EPHB2,EPHB3,ERCC6,EVL,FEZ1,FGFR2,FLRT3,GAS7,GFRA1,GLI2,GPRIN1,HDAC2,IFT88,KALRN,KIAA1755,LGI1,LLGL1,LMO4,LRP4,MAP1A,MAP1B,MAPT,MMP2,MPDZ,NCDN,NEDD4L,NEO1,NGF,NOTCH1,NPTX1,NREP,NTNG1,OMG,PAK3,PHACTR1,PLEKHG4,PLS1,POSTN,PRKG1,PTEN,PTN,PTPRH,RAB6B,ROBO1,ROBO3,ROBO4,RPS6KA5,RTN4RL2,SCN1B,SEMA3A,SEMA3B,SEMA3D,SEMA3F,SEMA4A,SEMA5A,SEMA6D,SHANK3,SLITRK6,SMO,SPTBN4,STMN3,TENM4,TNIK,TNXB,TUBA1A,TUBB3,UBB,UNC5B,VASH2,VEGFA,WNT5A,ZNF365	ORA	rnaseq_enrichment	/root/autodl-tmp/abi-real-data/results/rnaseq_airway_abi_test_20260809_12vcpu_62gb_retry1/05_enrichment/go_overrepresentation_plot.tsv
GO	BP	down	GO:0007423 | sensory organ development	sensory organ development [down: ABCB5,ALDH1A3]	4.64015705948917	62	227	2201	16008	1.9864739095365143	4.709108218538715e-08	2.290039326675377e-05	ABCB5,ALDH1A3,ATF4,BLOC1S5,CACNA1C,CEP290,COL5A1,CPAMD8,CRB1,CRYBG3,CYP26B1,DLL1,DTNB,EDNRA,EPHB2,EYA4,FGFR2,FOXF2,GLI3,HDAC2,HSF4,IFT88,JAG1,JAG2,KCNK2,LCTL,LRIG3,MAF,MAFB,MCM2,MEIS2,MFAP2,NES,NHS,NPHP1,OSR2,PBX2,PER2,PI4KB,PLS1,PPP2R3A,PROX2,SALL2,SAMD11,SDK1,SGCD,SIX4,SLC4A7,SMG9,SOBP,SOX12,SOX4,SOX9,SPARC,TBX18,TBX3,TFAP2A,TGFB2,VEGFA,WNT2,WNT5A,ZHX2	ORA	rnaseq_enrichment	/root/autodl-tmp/abi-real-data/results/rnaseq_airway_abi_test_20260809_12vcpu_62gb_retry1/05_enrichment/go_overrepresentation_plot.tsv
GO	CC	up	GO:0015629 | actin cytoskeleton	actin cytoskeleton [up: ABL2,ABLIM1]	10.741643976479265	139	495	2347	16008	1.915285793598533	3.7277927035875336e-15	1.8128255917546176e-11	ABL2,ABLIM1,ACKR2,ACTA2,ACTB,ACTG1,ACTG2,ACTN4,ACTR2,ACTR3,ADAM17,AFAP1L1,AHNAK,AKAP13,AMOTL2,AMPH,ANGPT1,ANXA1,AP2A1,ARF6,ARPC3,ARPC4,ARPC5,ASAP1,AUTS2,BAG3,CALD1,CAP1,CAPZB,CD302,CDC42EP3,CFL1,CLIC4,CNN1,CNN2,CNN3,CORO1B,CORO1C,CORO6,CRK,CRYAB,DAG1,DCTN6,DCXR,DENND2A,DGKH,DIAPH1,DIAPH2,DIAPH3,DIXDC1,DMD,DOCK5,DSTN,DUSP22,EPHA4,EPS8,FAM107A,FBLIM1,FCHSD1,FERMT2,FGD4,FLNA,FLOT2,GMFB,GSN,HIP1,INF2,IQGAP1,ITGB1,ITSN1,LASP1,LMOD1,LRRK2,MAP2,MED28,MICAL1,MSRB1,MTSS1,MYADM,MYH10,MYH13,MYL12A,MYL12B,MYL6,MYL9,MYO16,MYO1C,MYO1E,MYOZ2,MYRIP,NEBL,NEXN,NF2,PALLD,PARVA,PAWR,PDGFA,PDGFRA,PDLIM1,PDLIM5,PDLIM7,PDPN,PEAK1,PLEC,PLEKHH2,PPP1R12A,PPP1R12B,PPP1R12C,PTPN12,RAC1,RAC3,RAI14,SH3PXD2B,SHROOM2,SLC26A2,SLC27A4,SORBS1,SORBS2,SPECC1L,SPRY2,SPTAN1,STK17B,STK38L,SWAP70,SYNPO2,TENM2,TJP1,TMC2,TPM1,TPM2,TPM3,TPM4,TRPV4,UBE2K,VCL,VPS18,WASF1,WDR1,ZYX	ORA	rnaseq_enrichment	/root/autodl-tmp/abi-real-data/results/rnaseq_airway_abi_test_20260809_12vcpu_62gb_retry1/05_enrichment/go_overrepresentation_plot.tsv
GO	BP	up	GO:0030029 | actin filament-based process	actin filament-based process [up: ACTB,ACTG1]	9.057324176778247	123	443	2347	16008	1.8937618841977801	3.604139144002476e-13	8.76346432864202e-10	ACTB,ACTG1,ACTN4,ACTR2,ACTR3,AMOTL2,ANG,ANXA1,ARF6,ARHGEF12,ARHGEF17,ARPC3,ARPC4,ARPC5,ATP1A1,AUTS2,CACNB2,CALD1,CAP1,CAPZB,CFL1,CFLAR,CNN1,CNN2,CNN3,CORO1B,CORO1C,CORO6,CRK,DAAM2,DIAPH1,DIAPH2,DIAPH3,DSTN,EFHD2,ELMO1,EMP2,EPS8,F11R,FAM107A,FARP2,FGD4,FLNA,FMNL2,FNBP1L,GMFB,GPD1L,GSN,HIP1,INF2,INPP5K,IQGAP1,JAK2,KANK1,KCND3,KCNJ8,LMOD1,MICAL1,MICAL2,MSRB1,MTSS1,MYH10,MYL6,MYL9,MYO1C,MYO1E,MYOM1,MYOZ2,NEBL,NEDD9,NF2,NUAK2,OBSL1,PACSIN2,PALLD,PARVA,PAWR,PDCL3,PDGFA,PDGFRA,PDGFRB,PDLIM1,PDLIM5,PDLIM7,PDPN,PIK3CA,PIP5K1A,PKP2,PLEC,QKI,RAC1,RAC3,RHOB,RHOBTB2,RICTOR,ROCK1,ROCK2,SCN7A,SHROOM2,SORBS1,SPECC1L,SPTAN1,SRF,SSH2,STARD13,SUN2,SWAP70,SYDE1,TJP1,TLE6,TLN1,TNFAIP1,TPM1,TPM2,TPM3,TPM4,TRPV4,VPS4A,WASF1,WASF3,WDR1,WHAMM,ZYX	ORA	rnaseq_enrichment	/root/autodl-tmp/abi-real-data/results/rnaseq_airway_abi_test_20260809_12vcpu_62gb_retry1/05_enrichment/go_overrepresentation_plot.tsv
GO	BP	up	GO:0008015 | blood circulation	blood circulation [up: ABAT,ACVRL1]	7.9913783714069755	73	223	2347	16008	2.23275969131474	6.292722983022538e-12	1.0200503955479534e-08	ABAT,ACVRL1,ADM,ADRA1B,AGTR1,AGTRAP,ANGPT1,ANPEP,ATP1A1,ATP1B1,ATP2B1,BMP6,CACNB2,CAV1,CORIN,DDAH1,DMD,DNM1L,DOCK5,EDNRB,ELN,FERMT2,GCH1,GCLM,GNA12,GPD1L,GPX1,GSN,HTR7,ITGA1,ITGA4,ITGB1,ITGB1BP1,KCND3,KCNJ8,LEP,LNPEP,MAP2K1,MYL9,MYOF,NPR1,NPR2,NPR3,NR2F2,OXTR,PIK3C2A,PIK3CA,PKP2,PLEC,PPARA,PPARG,PREP,PRKAA1,PTGS1,PTPN11,PTPRJ,RASL10B,ROCK1,ROCK2,SCN7A,SERPINF2,SERPING1,SGK1,SLIT2,SNX5,SOD2,SVEP1,TJP1,TJP2,TPM1,TRPM4,TRPV4,ZDHHC21	ORA	rnaseq_enrichment	/root/autodl-tmp/abi-real-data/results/rnaseq_airway_abi_test_20260809_12vcpu_62gb_retry1/05_enrichment/go_overrepresentation_plot.tsv
GO	BP	up	GO:0030036 | actin cytoskeleton organization	actin cytoskeleton organization [up: ACTB,ACTG1]	7.861748368978826	110	400	2347	16008	1.875671069450362	1.2514984524195492e-11	1.3748383281406813e-08	ACTB,ACTG1,ACTN4,ACTR2,ACTR3,AMOTL2,ANG,ANXA1,ARF6,ARHGEF12,ARHGEF17,ARPC3,ARPC4,ARPC5,AUTS2,CALD1,CAP1,CAPZB,CFL1,CFLAR,CNN1,CNN2,CNN3,CORO1B,CORO1C,CORO6,CRK,DAAM2,DIAPH1,DIAPH2,DIAPH3,DSTN,EFHD2,ELMO1,EMP2,EPS8,F11R,FAM107A,FARP2,FGD4,FLNA,FMNL2,GSN,HIP1,INF2,INPP5K,IQGAP1,JAK2,KANK1,LMOD1,MICAL1,MICAL2,MSRB1,MTSS1,MYH10,MYL9,MYO1C,MYO1E,MYOM1,MYOZ2,NEBL,NEDD9,NF2,NUAK2,OBSL1,PACSIN2,PALLD,PARVA,PAWR,PDCL3,PDGFA,PDGFRA,PDGFRB,PDLIM1,PDLIM5,PDLIM7,PIK3CA,PIP5K1A,PLEC,RAC1,RAC3,RHOB,RHOBTB2,RICTOR,ROCK1,ROCK2,SHROOM2,SORBS1,SPECC1L,SPTAN1,SRF,SSH2,STARD13,SWAP70,SYDE1,TJP1,TLE6,TLN1,TNFAIP1,TPM1,TPM2,TPM3,TPM4,TRPV4,VPS4A,WASF1,WASF3,WDR1,WHAMM,ZYX	ORA	rnaseq_enrichment	/root/autodl-tmp/abi-real-data/results/rnaseq_airway_abi_test_20260809_12vcpu_62gb_retry1/05_enrichment/go_overrepresentation_plot.tsv
GO	BP	up	GO:0003013 | circulatory system process	circulatory system process [up: ABAT,ABCC3]	7.861748368978826	88	295	2347	16008	2.0346262448275114	1.4135701502577434e-11	1.3748383281406813e-08	ABAT,ABCC3,ABCC4,ABCC9,ACVRL1,ADM,ADRA1B,AGTR1,AGTRAP,ANGPT1,ANPEP,ATP1A1,ATP1B1,ATP2B1,BMP6,CACNB2,CAV1,CORIN,DDAH1,DMD,DNM1L,DOCK5,EDNRB,ELN,FERMT2,GCH1,GCLM,GNA12,GPD1L,GPX1,GSN,HTR7,INSR,ITGA1,ITGA4,ITGB1,ITGB1BP1,KCND3,KCNJ8,LEP,LNPEP,MAP2K1,MYL9,MYOF,NPR1,NPR2,NPR3,NR2F2,OXTR,PIK3C2A,PIK3CA,PKP2,PLEC,PPARA,PPARG,PREP,PRKAA1,PTGS1,PTPN11,PTPRJ,RASL10B,ROCK1,ROCK2,SCN7A,SERPINF2,SERPING1,SGK1,SLC16A12,SLC1A1,SLC1A5,SLC24A3,SLC27A4,SLC2A10,SLC2A13,SLC38A1,SLC38A2,SLC5A6,SLIT2,SNX5,SOD2,SVEP1,TJP1,TJP2,TPM1,TRPM4,TRPV4,YAP1,ZDHHC21	ORA	rnaseq_enrichment	/root/autodl-tmp/abi-real-data/results/rnaseq_airway_abi_test_20260809_12vcpu_62gb_retry1/05_enrichment/go_overrepresentation_plot.tsv
GO	BP	up	GO:0030155 | regulation of cell adhesion	regulation of cell adhesion [up: ABL2,ACTB]	7.215361279802526	127	497	2347	16008	1.7428953782344687	7.514251055704792e-11	6.090300480648733e-08	ABL2,ACTB,ACTG1,ACTN4,ACVRL1,ANGPT1,ANKRD28,ANXA1,APOD,BCL6,BMP6,BRD4,C1QTNF1,CAV1,CBFB,CBL,CBLB,CD9,CEBPB,CFL1,CITED2,CORO1C,CRK,CSF1,CX3CL1,DAG1,DAPK3,DENND6A,DMD,DOCK5,DUSP1,DUSP22,DUSP3,EMP2,EPHA4,F11R,FAM107A,FERMT2,FLNA,FLOT2,FOXO3,FSTL3,FUT4,FZD4,GCNT2,GNRH1,GPM6B,GTPBP4,HLA-E,HPSE,IGFBP2,IL6R,ITGA4,ITGB1BP1,JAK2,KANK1,KLHL25,LAMA2,LAMA3,LAMB1,LAMC1,LEP,MAGI1,MALT1,MAP2K1,MAP3K8,MAPK7,METTL3,MTOR,MUC1,MYADM,NEDD9,NF2,NFKBIZ,NID1,NR4A3,NUAK1,PDPN,PEAK1,PIK3CD,PKP2,PLA2G2A,PLEKHA2,PLXNB1,PNP,PPARA,PPP1CB,PPP1R12A,PRKAA1,PRKAR1A,PSMA5,PSMA7,PTK2B,PTPN11,PTPRJ,RAC1,RAC3,RC3H2,RELA,RGCC,RIN2,ROCK1,ROCK2,RRAS,RUNX1,RUNX3,SERPINF2,SFRP1,SIPA1,SLC4A2,SMAD7,SMARCD2,SPINT2,SPOCK1,STAT5A,SWAP70,TGFBR2,THBS1,TJP1,TLN1,TPM1,TRPV4,VCL,ZBTB1,ZBTB16,ZDHHC2,ZDHHC21	ORA	rnaseq_enrichment	/root/autodl-tmp/abi-real-data/results/rnaseq_airway_abi_test_20260809_12vcpu_62gb_retry1/05_enrichment/go_overrepresentation_plot.tsv
GO	BP	up	GO:0040017 | positive regulation of locomotion	positive regulation of locomotio [up: AAMP,ABL2]	6.801202420895088	109	413	2347	16008	1.8001157523230418	2.2750521149342407e-10	1.580511204989316e-07	AAMP,ABL2,ACTA2,ACTG1,ACTN4,ACVR1B,ADAM17,ADAMTS1,AGO2,AKIRIN1,ANGPT1,ANXA1,ARF6,ATOH8,CAV1,CD40,CFL1,CPNE3,CRK,CSF1,CX3CL1,DAAM2,DAPK2,DAPK3,DNM1L,DOCK5,EPHA4,F10,F3,FAM107A,FERMT2,FGF1,FLNA,FUT4,FZD4,GAS6,GCNT2,GRIA1,HDAC7,HIF1A,HPSE,HRAS,HSPB1,IGF1R,IL16,IL6R,INSR,ITGA4,ITGA6,ITGB1,ITGB1BP1,JAK2,LAMB1,LAMC2,LGMN,LPAR1,MAP2K1,MAP2K3,MCAM,MET,MIEN1,MMP7,MOSPD2,MSTN,MTOR,MYADM,MYO1C,NEDD9,NR4A3,NRP2,NSMF,NTN1,NUMB,NUS1,OXSR1,PDCD10,PDCD6,PDGFA,PDGFRA,PDGFRB,PDPN,PIK3C2A,PIK3CD,PINK1,PLCG2,PRKD1,PTK2B,RAC1,RHOB,RICTOR,RIN2,ROCK2,RRAS,SCG2,SEMA4C,SEMA6C,SLIT2,SOD2,SPRY2,STAT3,STAT5A,SUN2,SWAP70,SYDE1,SYNPO2,THBS1,TJP1,TRPV4,TWIST2	ORA	rnaseq_enrichment	/root/autodl-tmp/abi-real-data/results/rnaseq_airway_abi_test_20260809_12vcpu_62gb_retry1/05_enrichment/go_overrepresentation_plot.tsv
GO	CC	up	GO:0031012 | extracellular matrix	extracellular matrix [up: ACTA2,ADAMTS1]	6.656474800482977	99	366	2347	16008	1.8449223633937988	3.628364565128783e-10	2.205592110027659e-07	ACTA2,ADAMTS1,ADAMTS2,ADAMTS3,ADAMTS5,ADAMTS7,ADAMTS9,ADAMTSL4,ANG,ANGPT1,ANGPTL1,ANGPTL4,ANGPTL5,ANGPTL7,ANXA1,ANXA11,ANXA2,ANXA2P2,ANXA4,ANXA6,CCBE1,CILP,COL11A1,COL18A1,COL28A1,COL4A1,COL4A2,COL4A3,COL4A4,COL5A2,COL5A3,COL7A1,COL8A1,COMP,CRIM1,CRISPLD2,CSTB,CTHRC1,CTSC,DAG1,DGCR6,DPT,ELN,F3,FBLN5,FBN2,FGF1,GAS6,GPC4,HAPLN1,HAPLN3,HPSE,IGFBP2,ITGA6,LAMA2,LAMA3,LAMB1,LAMC1,LAMC2,LGI3,LOX,LTBP1,MATN3,MFAP5,MFGE8,MGP,MMP15,MMP19,MMP7,NID1,NID2,NTN1,NTN4,OMD,OTOGL,PAPLN,PLOD3,PRG4,PTX3,RSPO1,SDC2,SERPINA3,SERPINB1,SERPINB8,SERPINB9,SERPINF2,SERPING1,SFRP1,SLIT2,SPARCL1,SPOCK1,SPON1,SRPX,TGFB1I1,THBS1,TIMP4,TINAGL1,TSKU,TSPAN9	ORA	rnaseq_enrichment	/root/autodl-tmp/abi-real-data/results/rnaseq_airway_abi_test_20260809_12vcpu_62gb_retry1/05_enrichment/go_overrepresentation_plot.tsv
GO	CC	up	GO:0030312 | external encapsulating structure	external encapsulating structure [up: ACTA2,ADAMTS1]	6.646952721983785	99	367	2347	16008	1.8398953269812817	4.267384207967757e-10	2.2544846257224686e-07	ACTA2,ADAMTS1,ADAMTS2,ADAMTS3,ADAMTS5,ADAMTS7,ADAMTS9,ADAMTSL4,ANG,ANGPT1,ANGPTL1,ANGPTL4,ANGPTL5,ANGPTL7,ANXA1,ANXA11,ANXA2,ANXA2P2,ANXA4,ANXA6,CCBE1,CILP,COL11A1,COL18A1,COL28A1,COL4A1,COL4A2,COL4A3,COL4A4,COL5A2,COL5A3,COL7A1,COL8A1,COMP,CRIM1,CRISPLD2,CSTB,CTHRC1,CTSC,DAG1,DGCR6,DPT,ELN,F3,FBLN5,FBN2,FGF1,GAS6,GPC4,HAPLN1,HAPLN3,HPSE,IGFBP2,ITGA6,LAMA2,LAMA3,LAMB1,LAMC1,LAMC2,LGI3,LOX,LTBP1,MATN3,MFAP5,MFGE8,MGP,MMP15,MMP19,MMP7,NID1,NID2,NTN1,NTN4,OMD,OTOGL,PAPLN,PLOD3,PRG4,PTX3,RSPO1,SDC2,SERPINA3,SERPINB1,SERPINB8,SERPINB9,SERPINF2,SERPING1,SFRP1,SLIT2,SPARCL1,SPOCK1,SPON1,SRPX,TGFB1I1,THBS1,TIMP4,TINAGL1,TSKU,TSPAN9	ORA	rnaseq_enrichment	/root/autodl-tmp/abi-real-data/results/rnaseq_airway_abi_test_20260809_12vcpu_62gb_retry1/05_enrichment/go_overrepresentation_plot.tsv
GO	MF	up	GO:0003779 | actin binding	actin binding [up: ABL2,ABLIM1]	6.646952721983785	85	299	2347	16008	1.938972829471338	4.6359955289378337e-10	2.2544846257224686e-07	ABL2,ABLIM1,ACTN4,ACTR2,ACTR3,AMOTL2,ANG,ARPC3,ARPC4,ARPC5,CACNB2,CALD1,CAP1,CAPZB,CFL1,CNN1,CNN2,CNN3,CORO1B,CORO1C,CORO6,CTNNAL1,DAAM2,DAG1,DIAPH1,DIAPH2,DIAPH3,DMD,DSTN,EFHD2,EPS8,EPS8L1,FERMT2,FLNA,FMNL2,GMFB,GSN,HIP1,INF2,IQGAP1,ITGB1,LASP1,LMOD1,LRRK2,MAP1S,MICAL1,MICAL2,MSRB1,MTSS1,MYH10,MYH13,MYO16,MYO1C,MYO1E,MYOZ2,MYRIP,NEBL,NEXN,NF2,PANX1,PARVA,PAWR,PDLIM1,PDLIM5,PDLIM7,PLEC,PLEKHH2,RAI14,SHROOM2,SORBS1,SPTAN1,SSH2,SYNPO2,TLN1,TPM1,TPM2,TPM3,TPM4,TRPV4,VCL,VPS18,WASF1,WASF3,WDR1,WHAMM	ORA	rnaseq_enrichment	/root/autodl-tmp/abi-real-data/results/rnaseq_airway_abi_test_20260809_12vcpu_62gb_retry1/05_enrichment/go_overrepresentation_plot.tsv
