sample_id	contig_id	typing_scheme	type_id	mobility	confidence	tool	evidence	source_file
SRR11038083	k141_1082 flag=3 multi=491.2337 len=2242	PlasmidFinder	Col(BS512)		high	plasmidfinder	identity=100.0	/root/autodl-tmp/abi-real-data/results/metagenomic_plasmid_srr11038083_candidate_followup_20260811_resume/06_plasmid_typing/SRR11038083/results_tab.tsv
SRR11038083	k141_967 flag=1 multi=338.0000 len=2017	PlasmidFinder	Col(MG828)		high	plasmidfinder	identity=94.09	/root/autodl-tmp/abi-real-data/results/metagenomic_plasmid_srr11038083_candidate_followup_20260811_resume/06_plasmid_typing/SRR11038083/results_tab.tsv
SRR11038083	k141_1053 flag=3 multi=286.1570 len=1963	PlasmidFinder	Col(MG828)		high	plasmidfinder	identity=92.89	/root/autodl-tmp/abi-real-data/results/metagenomic_plasmid_srr11038083_candidate_followup_20260811_resume/06_plasmid_typing/SRR11038083/results_tab.tsv
SRR11038083	k141_241 flag=1 multi=137.1930 len=1680	PlasmidFinder	Col(MG828)		high	plasmidfinder	identity=93.51	/root/autodl-tmp/abi-real-data/results/metagenomic_plasmid_srr11038083_candidate_followup_20260811_resume/06_plasmid_typing/SRR11038083/results_tab.tsv
SRR11038083	k141_775 flag=1 multi=120.0000 len=6157	PlasmidFinder	Col(pHAD28)		high	plasmidfinder	identity=92.37	/root/autodl-tmp/abi-real-data/results/metagenomic_plasmid_srr11038083_candidate_followup_20260811_resume/06_plasmid_typing/SRR11038083/results_tab.tsv
SRR11038083	k141_880 flag=1 multi=11.0000 len=5285	PlasmidFinder	Col156		high	plasmidfinder	identity=94.81	/root/autodl-tmp/abi-real-data/results/metagenomic_plasmid_srr11038083_candidate_followup_20260811_resume/06_plasmid_typing/SRR11038083/results_tab.tsv
SRR11038083	k141_368 flag=1 multi=577.6337 len=6695	PlasmidFinder	ColpVC		high	plasmidfinder	identity=100.0	/root/autodl-tmp/abi-real-data/results/metagenomic_plasmid_srr11038083_candidate_followup_20260811_resume/06_plasmid_typing/SRR11038083/results_tab.tsv
SRR11038083	k141_368 flag=1 multi=577.6337 len=6695	PlasmidFinder	ColpVC		high	plasmidfinder	identity=94.82	/root/autodl-tmp/abi-real-data/results/metagenomic_plasmid_srr11038083_candidate_followup_20260811_resume/06_plasmid_typing/SRR11038083/results_tab.tsv
SRR11038083	k141_524 flag=3 multi=10090.1272 len=2893	PlasmidFinder	repUS2		high	plasmidfinder	identity=98.53	/root/autodl-tmp/abi-real-data/results/metagenomic_plasmid_srr11038083_candidate_followup_20260811_resume/06_plasmid_typing/SRR11038083/results_tab.tsv
