prediction_id	prediction_length	matched_reference_count	matched_reference_ids	best_bidirectional_coverage_fraction	match_signature_sha256	status
k141_1003	595	0		0.00000000		false_positive_no_match
k141_1019	708	0		0.00000000		false_positive_no_match
k141_1021	10720	0		0.00000000		false_positive_no_match
k141_1039	2999	0		0.00000000		false_positive_no_match
k141_1042	2262	0		0.00000000		false_positive_no_match
k141_1044	2864	0		0.00000000		false_positive_no_match
k141_1047	1732	0		0.00000000		false_positive_no_match
k141_1048	3565	0		0.00000000		false_positive_no_match
k141_1050	2043	0		0.00000000		false_positive_no_match
k141_1051	2138	0		0.00000000		false_positive_no_match
k141_1052	1963	3	KJ484633.1,NC_008486.1,NZ_CP032887.1	1.00000000	8e35a80714d76123ad14e9ff1417a0a1c79d383dfa2b90a9a6fae885bca556fb	true_positive
k141_1055	3838	0		0.00000000		false_positive_no_match
k141_1061	5735	1	NC_011073.1	1.00000000	fca575949f873e6b43a2a724acdc634f9796070fd32aa9beecf917e7dcdac868	true_positive
k141_1062	1832	0		0.00000000		false_positive_no_match
k141_1065	3785	0		0.00000000		false_positive_no_match
k141_1066	6599	0		0.00000000		false_positive_no_match
k141_1069	4238	0		0.00000000		false_positive_no_match
k141_1074	1912	0		0.00000000		false_positive_no_match
k141_1075	3994	0		0.00000000		false_positive_no_match
k141_1079	7180	0		0.35766017		false_positive_no_match
k141_1080	6373	1	KM659094.1	0.99919808	5d040a4d526162374ae41125aa0ebe7b34cb1b7138db855f62e1db3165bcc2d2	true_positive
k141_1087	2707	0		0.00000000		false_positive_no_match
k141_1097	5772	5	LT985311.1,NZ_CP011138.1,NZ_CP014319.1,NZ_CP018985.1,NZ_CP028175.1	1.00000000	d374b2f6c6aa4e4e2980c9818e9d31419f1235c71b5e900814987a1af0037ec5	true_positive
k141_1106	482	0		0.00000000		false_positive_no_match
k141_1112	7072	0		0.09587104		false_positive_no_match
k141_1126	6331	0		0.13868267		false_positive_no_match
k141_1132	4304	0		0.00000000		false_positive_no_match
k141_1134	5242	0		0.00000000		false_positive_no_match
k141_115	560	0		0.00000000		false_positive_no_match
k141_1150	5099	0		0.00000000		false_positive_no_match
k141_1158	1826	0		0.00000000		false_positive_no_match
k141_1162	2570	0		0.00000000		false_positive_no_match
k141_1165	3162	0		0.00000000		false_positive_no_match
k141_1168	3094	0		0.00000000		false_positive_no_match
k141_1178	4336	0		0.33879151		false_positive_no_match
k141_1182	3202	1	HG796786.1	1.00000000	aabcbbd71ff69845353e4f3bec5455a4378fc9e5f1cc291baff26e215a250bd5	true_positive
k141_1190	1316	0		0.00000000		false_positive_no_match
k141_1194	2047	0		0.00000000		false_positive_no_match
k141_1209	3044	0		0.05453351		false_positive_no_match
k141_121	1436	0		0.16760711		false_positive_no_match
k141_1278	4672	0		0.00000000		false_positive_no_match
k141_1279	2331	0		0.00000000		false_positive_no_match
k141_1357	3314	0		0.00000000		false_positive_no_match
k141_1381	8594	0		0.00000000		false_positive_no_match
k141_140	464	0		0.30991085		false_positive_no_match
k141_1434	2242	17	CP000643.1,CP001058.1,CP023648.1,HE616531.1,NC_001378.1,NZ_CP008719.1,NZ_CP011141.1,NZ_CP023902.1,NZ_CP024803.1,NZ_CP027132.1,NZ_CP027201.2,NZ_CP029105.1,NZ_CP029366.1,NZ_CP029581.1,NZ_CP030115.1,NZ_CP033398.1,NZ_CP033766.1	1.00000000	9ea1fc09b0eb3ec15f4ade107de580a62b7d0dd2205ef42f355aebbd94860539	true_positive
k141_1441	3559	1	HG796346.1	0.99943804	1fab89c8b3f0eddf64f0d06060d92a07f6e702add4648252ad4b16e6e249f606	true_positive
k141_1456	5230	0		0.00000000		false_positive_no_match
k141_148	820	0		0.29570862		false_positive_no_match
k141_15	749	0		0.00000000		false_positive_no_match
k141_150	1787	0		0.18378782		false_positive_no_match
k141_1527	845	0		0.00000000		false_positive_no_match
k141_162	1173	0		0.00000000		false_positive_no_match
k141_166	1805	2	NZ_CP011142.1,NZ_CP023253.1	1.00000000	8a4bb1c03fa86d04fe9e5d85f5b4e1e84a424dc85114b4f6f97387741cc4ce53	true_positive
k141_167	465	0		0.00000000		false_positive_no_match
k141_172	690	0		0.00000000		false_positive_no_match
k141_173	2171	0		0.00000000		false_positive_no_match
k141_175	1040	0		0.00000000		false_positive_no_match
k141_178	4382	0		0.00000000		false_positive_no_match
k141_180	1787	0		0.00000000		false_positive_no_match
k141_1818	1924	0		0.00000000		false_positive_no_match
k141_2017	2211	0		0.00000000		false_positive_no_match
k141_202	3502	0		0.00000000		false_positive_no_match
k141_2086	2228	0		0.00000000		false_positive_no_match
k141_209	773	0		0.00000000		false_positive_no_match
k141_216	498	0		0.00000000		false_positive_no_match
k141_237	644	0		0.00000000		false_positive_no_match
k141_25	423	0		0.08840125		false_positive_no_match
k141_252	6695	0		0.66452577		false_positive_no_match
k141_253	606	0		0.00000000		false_positive_no_match
k141_272	5314	0		0.00000000		false_positive_no_match
k141_290	1112	0		0.00000000		false_positive_no_match
k141_292	11033	0		0.75328560		false_positive_no_match
k141_299	3454	0		0.00000000		false_positive_no_match
k141_316	1048	0		0.00000000		false_positive_no_match
k141_335	4042	0		0.00000000		false_positive_no_match
k141_340	973	0		0.64612326		false_positive_no_match
k141_343	672	0		0.00000000		false_positive_no_match
k141_357	708	0		0.00000000		false_positive_no_match
k141_375	5734	0		0.00000000		false_positive_no_match
k141_387	1065	0		0.00000000		false_positive_no_match
k141_391	437	0		0.00000000		false_positive_no_match
k141_410	816	0		0.00000000		false_positive_no_match
k141_415	3086	0		0.00000000		false_positive_no_match
k141_421	2869	0		0.00000000		false_positive_no_match
k141_422	3212	0		0.41127139		false_positive_no_match
k141_426	351	0		0.00000000		false_positive_no_match
k141_437	374	0		0.00000000		false_positive_no_match
k141_440	1680	13	KM107846.1,KX009020.1,NC_018660.1,NC_018663.1,NC_019059.1,NC_019251.1,NZ_CP008720.1,NZ_CP012630.1,NZ_CP014317.1,NZ_CP015143.1,NZ_CP023901.1,NZ_CP029106.1,NZ_CP029183.1	1.00000000	7f35f85326486c81a99a8db1021cc6707956dbebc2d9fa9e01eec03f8b5bb567	true_positive
k141_456	1709	0		0.03920421		false_positive_no_match
k141_460	792	0		0.12982221		false_positive_no_match
k141_469	4920	0		0.65246562		false_positive_no_match
k141_476	634	0		0.00000000		false_positive_no_match
k141_479	618	0		0.00000000		false_positive_no_match
k141_481	5285	15	MG649065.1,NC_009781.1,NC_017648.1,NZ_CP008716.1,NZ_CP010879.1,NZ_CP011139.1,NZ_CP012637.1,NZ_CP014318.1,NZ_CP018967.1,NZ_CP018997.1,NZ_CP023898.1,NZ_CP024719.1,NZ_CP024722.1,NZ_CP028586.1,NZ_CP032517.1	1.00000000	76d2b15d62eb412060024f82fb77813328fcc4a505df751e077bec5e9a9ff8d8	true_positive
k141_498	607	0		0.09132706		false_positive_no_match
k141_509	727	0		0.00000000		false_positive_no_match
k141_52	853	0		0.18655387		false_positive_no_match
k141_521	558	0		0.00000000		false_positive_no_match
k141_522	1459	0		0.00000000		false_positive_no_match
k141_523	1584	0		0.00000000		false_positive_no_match
k141_531	609	0		0.31351655		false_positive_no_match
k141_537	1100	0		0.00000000		false_positive_no_match
k141_544	2017	0		0.31531978		false_positive_no_match
k141_553	941	0		0.00000000		false_positive_no_match
k141_571	543	0		0.00000000		false_positive_no_match
k141_596	780	0		0.00000000		false_positive_no_match
k141_599	440	0		0.00000000		false_positive_no_match
k141_61	447	0		0.00000000		false_positive_no_match
k141_611	687	0		0.00000000		false_positive_no_match
k141_622	566	0		0.00000000		false_positive_no_match
k141_627	519	0		0.00000000		false_positive_no_match
k141_632	1992	0		0.00000000		false_positive_no_match
k141_642	11660	0		0.00591767		false_positive_no_match
k141_643	3625	0		0.00000000		false_positive_no_match
k141_648	527	0		0.00000000		false_positive_no_match
k141_657	527	0		0.00000000		false_positive_no_match
k141_658	446	0		0.00000000		false_positive_no_match
k141_661	2154	0		0.60105734		false_positive_no_match
k141_668	2004	0		0.00000000		false_positive_no_match
k141_670	2848	0		0.23260188		false_positive_no_match
k141_673	481	0		0.00000000		false_positive_no_match
k141_685	2804	0		0.00000000		false_positive_no_match
k141_688	1090	0		0.00000000		false_positive_no_match
k141_707	552	0		0.00000000		false_positive_no_match
k141_725	357	0		0.00000000		false_positive_no_match
k141_727	614	0		0.00000000		false_positive_no_match
k141_73	1576	0		0.56869816		false_positive_no_match
k141_749	472	0		0.00000000		false_positive_no_match
k141_77	1462	0		0.00000000		false_positive_no_match
k141_785	482	0		0.08034217		false_positive_no_match
k141_807	528	0		0.00000000		false_positive_no_match
k141_818	1768	0		0.08563050		false_positive_no_match
k141_821	2958	0		0.00000000		false_positive_no_match
k141_83	841	0		0.13586045		false_positive_no_match
k141_835	1189	0		0.00000000		false_positive_no_match
k141_853	8353	0		0.00000000		false_positive_no_match
k141_864	396	0		0.04034291		false_positive_no_match
k141_873	736	0		0.00000000		false_positive_no_match
k141_902	2893	1	NC_005026.1	0.99930868	d3ae87f0f7000f1512081650c02cbbf6ab6ba1268c03fcb170684ab58c2e6e73	true_positive
k141_910	801	0		0.00000000		false_positive_no_match
k141_912	1497	0		0.25008386		false_positive_no_match
k141_927	5370	0		0.00000000		false_positive_no_match
k141_928	902	0		0.00000000		false_positive_no_match
k141_937	557	0		0.00000000		false_positive_no_match
k141_939	367	0		0.00000000		false_positive_no_match
k141_956	1444	4	KX009021.1,NC_017629.1,NZ_CP028575.2,NZ_CP029109.1	0.92268371	21d675411c3c650d14f1e3a44c0fa83433efeb2e68bf887d3b628f44d41290bc	true_positive
k141_957	1673	0		0.03812317		false_positive_no_match
k141_96	6157	0		0.58778626		false_positive_no_match
k141_960	1015	0		0.00000000		false_positive_no_match
k141_964	1341	0		0.00000000		false_positive_no_match
k141_976	379	0		0.00000000		false_positive_no_match
k141_979	641	0		0.00000000		false_positive_no_match
k141_984	934	0		0.03884946		false_positive_no_match
k141_985	2802	0		0.12776588		false_positive_no_match
k141_995	648	0		0.00000000		false_positive_no_match
k141_996	455	0		0.00000000		false_positive_no_match
