sample_id	plasmid_id	coverage	rpkm	tpm	raw_count	mapper	source_file
SRR11038083	k141_610	67.72184	45.090664	139.8499		coverm	/root/autodl-tmp/abi-real-data/results/metagenomic_plasmid_srr11038083_codex_20260810_12vcpu_62gb/10_abundance/SRR11038083/SRR11038083.coverm.tsv
SRR11038083	k141_1842	6.38765	3.9536026	12.262196		coverm	/root/autodl-tmp/abi-real-data/results/metagenomic_plasmid_srr11038083_codex_20260810_12vcpu_62gb/10_abundance/SRR11038083/SRR11038083.coverm.tsv
SRR11038083	k141_929	3.8534484	2.4443786	7.581303		coverm	/root/autodl-tmp/abi-real-data/results/metagenomic_plasmid_srr11038083_codex_20260810_12vcpu_62gb/10_abundance/SRR11038083/SRR11038083.coverm.tsv
SRR11038083	k141_323	2.4052954	1.5609448	4.8413105		coverm	/root/autodl-tmp/abi-real-data/results/metagenomic_plasmid_srr11038083_codex_20260810_12vcpu_62gb/10_abundance/SRR11038083/SRR11038083.coverm.tsv
SRR11038083	k141_21	716.6362	449.6725	1394.6704		coverm	/root/autodl-tmp/abi-real-data/results/metagenomic_plasmid_srr11038083_codex_20260810_12vcpu_62gb/10_abundance/SRR11038083/SRR11038083.coverm.tsv
SRR11038083	k141_1863	8.120863	4.8548155	15.057335		coverm	/root/autodl-tmp/abi-real-data/results/metagenomic_plasmid_srr11038083_codex_20260810_12vcpu_62gb/10_abundance/SRR11038083/SRR11038083.coverm.tsv
SRR11038083	k141_946	3.4338844	2.051633	6.3631935		coverm	/root/autodl-tmp/abi-real-data/results/metagenomic_plasmid_srr11038083_codex_20260810_12vcpu_62gb/10_abundance/SRR11038083/SRR11038083.coverm.tsv
SRR11038083	k141_34	2.4468865	1.1827017	3.668177		coverm	/root/autodl-tmp/abi-real-data/results/metagenomic_plasmid_srr11038083_codex_20260810_12vcpu_62gb/10_abundance/SRR11038083/SRR11038083.coverm.tsv
SRR11038083	k141_1562	5.812749	3.8288565	11.875298		coverm	/root/autodl-tmp/abi-real-data/results/metagenomic_plasmid_srr11038083_codex_20260810_12vcpu_62gb/10_abundance/SRR11038083/SRR11038083.coverm.tsv
SRR11038083	k141_1266	11.690241	7.672508	23.796473		coverm	/root/autodl-tmp/abi-real-data/results/metagenomic_plasmid_srr11038083_codex_20260810_12vcpu_62gb/10_abundance/SRR11038083/SRR11038083.coverm.tsv
SRR11038083	k141_630	678.1987	443.56375	1375.7247		coverm	/root/autodl-tmp/abi-real-data/results/metagenomic_plasmid_srr11038083_codex_20260810_12vcpu_62gb/10_abundance/SRR11038083/SRR11038083.coverm.tsv
SRR11038083	k141_960	5.172405	3.3913283	10.518291		coverm	/root/autodl-tmp/abi-real-data/results/metagenomic_plasmid_srr11038083_codex_20260810_12vcpu_62gb/10_abundance/SRR11038083/SRR11038083.coverm.tsv
SRR11038083	k141_57	3.3245192	1.9445623	6.03111		coverm	/root/autodl-tmp/abi-real-data/results/metagenomic_plasmid_srr11038083_codex_20260810_12vcpu_62gb/10_abundance/SRR11038083/SRR11038083.coverm.tsv
SRR11038083	k141_367	13.8	8.297373	25.734514		coverm	/root/autodl-tmp/abi-real-data/results/metagenomic_plasmid_srr11038083_codex_20260810_12vcpu_62gb/10_abundance/SRR11038083/SRR11038083.coverm.tsv
SRR11038083	k141_62	68.12992	42.24165	131.0136		coverm	/root/autodl-tmp/abi-real-data/results/metagenomic_plasmid_srr11038083_codex_20260810_12vcpu_62gb/10_abundance/SRR11038083/SRR11038083.coverm.tsv
SRR11038083	k141_655	2.235023	1.3631684	4.2279		coverm	/root/autodl-tmp/abi-real-data/results/metagenomic_plasmid_srr11038083_codex_20260810_12vcpu_62gb/10_abundance/SRR11038083/SRR11038083.coverm.tsv
SRR11038083	k141_967	565.9641	354.9354	1100.8411		coverm	/root/autodl-tmp/abi-real-data/results/metagenomic_plasmid_srr11038083_codex_20260810_12vcpu_62gb/10_abundance/SRR11038083/SRR11038083.coverm.tsv
SRR11038083	k141_69	6.243243	3.870887	12.005647		coverm	/root/autodl-tmp/abi-real-data/results/metagenomic_plasmid_srr11038083_codex_20260810_12vcpu_62gb/10_abundance/SRR11038083/SRR11038083.coverm.tsv
SRR11038083	k141_368	913.70605	598.3517	1855.8031		coverm	/root/autodl-tmp/abi-real-data/results/metagenomic_plasmid_srr11038083_codex_20260810_12vcpu_62gb/10_abundance/SRR11038083/SRR11038083.coverm.tsv
SRR11038083	k141_663	591.627	383.21786	1188.5597		coverm	/root/autodl-tmp/abi-real-data/results/metagenomic_plasmid_srr11038083_codex_20260810_12vcpu_62gb/10_abundance/SRR11038083/SRR11038083.coverm.tsv
SRR11038083	k141_373	2.252193	1.3208787	4.0967393		coverm	/root/autodl-tmp/abi-real-data/results/metagenomic_plasmid_srr11038083_codex_20260810_12vcpu_62gb/10_abundance/SRR11038083/SRR11038083.coverm.tsv
SRR11038083	k141_1596	81.58159	52.746872	163.59578		coverm	/root/autodl-tmp/abi-real-data/results/metagenomic_plasmid_srr11038083_codex_20260810_12vcpu_62gb/10_abundance/SRR11038083/SRR11038083.coverm.tsv
SRR11038083	k141_374	45.580647	27.722408	85.98172		coverm	/root/autodl-tmp/abi-real-data/results/metagenomic_plasmid_srr11038083_codex_20260810_12vcpu_62gb/10_abundance/SRR11038083/SRR11038083.coverm.tsv
SRR11038083	k141_979	269.44254	171.58533	532.17633		coverm	/root/autodl-tmp/abi-real-data/results/metagenomic_plasmid_srr11038083_codex_20260810_12vcpu_62gb/10_abundance/SRR11038083/SRR11038083.coverm.tsv
SRR11038083	k141_669	231.4458	146.60132	454.6876		coverm	/root/autodl-tmp/abi-real-data/results/metagenomic_plasmid_srr11038083_codex_20260810_12vcpu_62gb/10_abundance/SRR11038083/SRR11038083.coverm.tsv
SRR11038083	k141_82	1.8989899	1.1192008	3.471232		coverm	/root/autodl-tmp/abi-real-data/results/metagenomic_plasmid_srr11038083_codex_20260810_12vcpu_62gb/10_abundance/SRR11038083/SRR11038083.coverm.tsv
SRR11038083	k141_1598	567.78815	371.00433	1150.6796		coverm	/root/autodl-tmp/abi-real-data/results/metagenomic_plasmid_srr11038083_codex_20260810_12vcpu_62gb/10_abundance/SRR11038083/SRR11038083.coverm.tsv
SRR11038083	k141_385	141.71518	87.81943	272.37415		coverm	/root/autodl-tmp/abi-real-data/results/metagenomic_plasmid_srr11038083_codex_20260810_12vcpu_62gb/10_abundance/SRR11038083/SRR11038083.coverm.tsv
SRR11038083	k141_386	3.5434783	1.9078581	5.917268		coverm	/root/autodl-tmp/abi-real-data/results/metagenomic_plasmid_srr11038083_codex_20260810_12vcpu_62gb/10_abundance/SRR11038083/SRR11038083.coverm.tsv
SRR11038083	k141_992	5.562079	3.61853	11.222962		coverm	/root/autodl-tmp/abi-real-data/results/metagenomic_plasmid_srr11038083_codex_20260810_12vcpu_62gb/10_abundance/SRR11038083/SRR11038083.coverm.tsv
SRR11038083	k141_994	3.7582583	2.3297484	7.2257733		coverm	/root/autodl-tmp/abi-real-data/results/metagenomic_plasmid_srr11038083_codex_20260810_12vcpu_62gb/10_abundance/SRR11038083/SRR11038083.coverm.tsv
SRR11038083	k141_391	55.58567	32.973186	102.2672		coverm	/root/autodl-tmp/abi-real-data/results/metagenomic_plasmid_srr11038083_codex_20260810_12vcpu_62gb/10_abundance/SRR11038083/SRR11038083.coverm.tsv
SRR11038083	k141_98	3.515873	2.3089974	7.1614165		coverm	/root/autodl-tmp/abi-real-data/results/metagenomic_plasmid_srr11038083_codex_20260810_12vcpu_62gb/10_abundance/SRR11038083/SRR11038083.coverm.tsv
SRR11038083	k141_684	3.6404495	2.3542721	7.3018346		coverm	/root/autodl-tmp/abi-real-data/results/metagenomic_plasmid_srr11038083_codex_20260810_12vcpu_62gb/10_abundance/SRR11038083/SRR11038083.coverm.tsv
SRR11038083	k141_1324	21.004623	13.822859	42.871944		coverm	/root/autodl-tmp/abi-real-data/results/metagenomic_plasmid_srr11038083_codex_20260810_12vcpu_62gb/10_abundance/SRR11038083/SRR11038083.coverm.tsv
SRR11038083	k141_396	6.5299726	4.312224	13.374479		coverm	/root/autodl-tmp/abi-real-data/results/metagenomic_plasmid_srr11038083_codex_20260810_12vcpu_62gb/10_abundance/SRR11038083/SRR11038083.coverm.tsv
SRR11038083	k141_686	2.3472455	1.6030424	4.9718738		coverm	/root/autodl-tmp/abi-real-data/results/metagenomic_plasmid_srr11038083_codex_20260810_12vcpu_62gb/10_abundance/SRR11038083/SRR11038083.coverm.tsv
SRR11038083	k141_1003	8.780802	5.754386	17.84738		coverm	/root/autodl-tmp/abi-real-data/results/metagenomic_plasmid_srr11038083_codex_20260810_12vcpu_62gb/10_abundance/SRR11038083/SRR11038083.coverm.tsv
SRR11038083	k141_693	78.01391	49.958992	154.94905		coverm	/root/autodl-tmp/abi-real-data/results/metagenomic_plasmid_srr11038083_codex_20260810_12vcpu_62gb/10_abundance/SRR11038083/SRR11038083.coverm.tsv
SRR11038083	k141_106	8.314024	5.4066133	16.76875		coverm	/root/autodl-tmp/abi-real-data/results/metagenomic_plasmid_srr11038083_codex_20260810_12vcpu_62gb/10_abundance/SRR11038083/SRR11038083.coverm.tsv
SRR11038083	k141_1005	65351.047	42274.402	131115.11		coverm	/root/autodl-tmp/abi-real-data/results/metagenomic_plasmid_srr11038083_codex_20260810_12vcpu_62gb/10_abundance/SRR11038083/SRR11038083.coverm.tsv
SRR11038083	k141_1339	33.50372	21.52968	66.774826		coverm	/root/autodl-tmp/abi-real-data/results/metagenomic_plasmid_srr11038083_codex_20260810_12vcpu_62gb/10_abundance/SRR11038083/SRR11038083.coverm.tsv
SRR11038083	k141_112	5.148976	3.4954255	10.841151		coverm	/root/autodl-tmp/abi-real-data/results/metagenomic_plasmid_srr11038083_codex_20260810_12vcpu_62gb/10_abundance/SRR11038083/SRR11038083.coverm.tsv
SRR11038083	k141_113	20.694445	11.818979	36.656857		coverm	/root/autodl-tmp/abi-real-data/results/metagenomic_plasmid_srr11038083_codex_20260810_12vcpu_62gb/10_abundance/SRR11038083/SRR11038083.coverm.tsv
SRR11038083	k141_114	1.6026785	1.0701237	3.319014		coverm	/root/autodl-tmp/abi-real-data/results/metagenomic_plasmid_srr11038083_codex_20260810_12vcpu_62gb/10_abundance/SRR11038083/SRR11038083.coverm.tsv
SRR11038083	k141_117	5.158218	3.2477784	10.073063		coverm	/root/autodl-tmp/abi-real-data/results/metagenomic_plasmid_srr11038083_codex_20260810_12vcpu_62gb/10_abundance/SRR11038083/SRR11038083.coverm.tsv
SRR11038083	k141_119	21.976845	12.849119	39.851856		coverm	/root/autodl-tmp/abi-real-data/results/metagenomic_plasmid_srr11038083_codex_20260810_12vcpu_62gb/10_abundance/SRR11038083/SRR11038083.coverm.tsv
SRR11038083	k141_1024	2.3307889	1.658396	5.1435614		coverm	/root/autodl-tmp/abi-real-data/results/metagenomic_plasmid_srr11038083_codex_20260810_12vcpu_62gb/10_abundance/SRR11038083/SRR11038083.coverm.tsv
SRR11038083	k141_133	50.29383	32.642963	101.24294		coverm	/root/autodl-tmp/abi-real-data/results/metagenomic_plasmid_srr11038083_codex_20260810_12vcpu_62gb/10_abundance/SRR11038083/SRR11038083.coverm.tsv
SRR11038083	k141_725	602.1597	325.55472	1009.71606		coverm	/root/autodl-tmp/abi-real-data/results/metagenomic_plasmid_srr11038083_codex_20260810_12vcpu_62gb/10_abundance/SRR11038083/SRR11038083.coverm.tsv
SRR11038083	k141_431	522.4219	346.84702	1075.755		coverm	/root/autodl-tmp/abi-real-data/results/metagenomic_plasmid_srr11038083_codex_20260810_12vcpu_62gb/10_abundance/SRR11038083/SRR11038083.coverm.tsv
SRR11038083	k141_738	11.497584	5.88568	18.254578		coverm	/root/autodl-tmp/abi-real-data/results/metagenomic_plasmid_srr11038083_codex_20260810_12vcpu_62gb/10_abundance/SRR11038083/SRR11038083.coverm.tsv
SRR11038083	k141_435	47.570217	31.48856	97.66253		coverm	/root/autodl-tmp/abi-real-data/results/metagenomic_plasmid_srr11038083_codex_20260810_12vcpu_62gb/10_abundance/SRR11038083/SRR11038083.coverm.tsv
SRR11038083	k141_157	11.991494	7.3011465	22.644688		coverm	/root/autodl-tmp/abi-real-data/results/metagenomic_plasmid_srr11038083_codex_20260810_12vcpu_62gb/10_abundance/SRR11038083/SRR11038083.coverm.tsv
SRR11038083	k141_1037	299.07132	298.26465	925.07544		coverm	/root/autodl-tmp/abi-real-data/results/metagenomic_plasmid_srr11038083_codex_20260810_12vcpu_62gb/10_abundance/SRR11038083/SRR11038083.coverm.tsv
SRR11038083	k141_436	5623.8335	3664.712	11366.193		coverm	/root/autodl-tmp/abi-real-data/results/metagenomic_plasmid_srr11038083_codex_20260810_12vcpu_62gb/10_abundance/SRR11038083/SRR11038083.coverm.tsv
SRR11038083	k141_747	4.824965	3.095184	9.5997925		coverm	/root/autodl-tmp/abi-real-data/results/metagenomic_plasmid_srr11038083_codex_20260810_12vcpu_62gb/10_abundance/SRR11038083/SRR11038083.coverm.tsv
SRR11038083	k141_754	4.2149177	2.551921	7.9148493		coverm	/root/autodl-tmp/abi-real-data/results/metagenomic_plasmid_srr11038083_codex_20260810_12vcpu_62gb/10_abundance/SRR11038083/SRR11038083.coverm.tsv
SRR11038083	k141_163	6.6096635	4.3699403	13.553482		coverm	/root/autodl-tmp/abi-real-data/results/metagenomic_plasmid_srr11038083_codex_20260810_12vcpu_62gb/10_abundance/SRR11038083/SRR11038083.coverm.tsv
SRR11038083	k141_1040	7.4738503	4.770953	14.797225		coverm	/root/autodl-tmp/abi-real-data/results/metagenomic_plasmid_srr11038083_codex_20260810_12vcpu_62gb/10_abundance/SRR11038083/SRR11038083.coverm.tsv
SRR11038083	k141_164	3.2872422	2.1259449	6.5936704		coverm	/root/autodl-tmp/abi-real-data/results/metagenomic_plasmid_srr11038083_codex_20260810_12vcpu_62gb/10_abundance/SRR11038083/SRR11038083.coverm.tsv
SRR11038083	k141_172	1.957704	1.040089	3.2258632		coverm	/root/autodl-tmp/abi-real-data/results/metagenomic_plasmid_srr11038083_codex_20260810_12vcpu_62gb/10_abundance/SRR11038083/SRR11038083.coverm.tsv
SRR11038083	k141_1043	9.244318	5.927312	18.383701		coverm	/root/autodl-tmp/abi-real-data/results/metagenomic_plasmid_srr11038083_codex_20260810_12vcpu_62gb/10_abundance/SRR11038083/SRR11038083.coverm.tsv
SRR11038083	k141_757	231.90257	154.90097	480.42926		coverm	/root/autodl-tmp/abi-real-data/results/metagenomic_plasmid_srr11038083_codex_20260810_12vcpu_62gb/10_abundance/SRR11038083/SRR11038083.coverm.tsv
SRR11038083	k141_442	11.608558	7.666251	23.777077		coverm	/root/autodl-tmp/abi-real-data/results/metagenomic_plasmid_srr11038083_codex_20260810_12vcpu_62gb/10_abundance/SRR11038083/SRR11038083.coverm.tsv
SRR11038083	k141_176	1.9388646	1.056006	3.2752292		coverm	/root/autodl-tmp/abi-real-data/results/metagenomic_plasmid_srr11038083_codex_20260810_12vcpu_62gb/10_abundance/SRR11038083/SRR11038083.coverm.tsv
SRR11038083	k141_1045	26.102064	17.08368	52.985443		coverm	/root/autodl-tmp/abi-real-data/results/metagenomic_plasmid_srr11038083_codex_20260810_12vcpu_62gb/10_abundance/SRR11038083/SRR11038083.coverm.tsv
SRR11038083	k141_182	3.4508817	2.238402	6.94246		coverm	/root/autodl-tmp/abi-real-data/results/metagenomic_plasmid_srr11038083_codex_20260810_12vcpu_62gb/10_abundance/SRR11038083/SRR11038083.coverm.tsv
SRR11038083	k141_450	5.4591837	3.535189	10.964478		coverm	/root/autodl-tmp/abi-real-data/results/metagenomic_plasmid_srr11038083_codex_20260810_12vcpu_62gb/10_abundance/SRR11038083/SRR11038083.coverm.tsv
SRR11038083	k141_763	10.332329	6.7441835	20.917263		coverm	/root/autodl-tmp/abi-real-data/results/metagenomic_plasmid_srr11038083_codex_20260810_12vcpu_62gb/10_abundance/SRR11038083/SRR11038083.coverm.tsv
SRR11038083	k141_186	1024.9523	558.1903	1731.2418		coverm	/root/autodl-tmp/abi-real-data/results/metagenomic_plasmid_srr11038083_codex_20260810_12vcpu_62gb/10_abundance/SRR11038083/SRR11038083.coverm.tsv
SRR11038083	k141_1048	17.794563	11.207258	34.759605		coverm	/root/autodl-tmp/abi-real-data/results/metagenomic_plasmid_srr11038083_codex_20260810_12vcpu_62gb/10_abundance/SRR11038083/SRR11038083.coverm.tsv
SRR11038083	k141_1049	67.11508	43.699318	135.5345		coverm	/root/autodl-tmp/abi-real-data/results/metagenomic_plasmid_srr11038083_codex_20260810_12vcpu_62gb/10_abundance/SRR11038083/SRR11038083.coverm.tsv
SRR11038083	k141_775	154.29982	100.90161	312.94897		coverm	/root/autodl-tmp/abi-real-data/results/metagenomic_plasmid_srr11038083_codex_20260810_12vcpu_62gb/10_abundance/SRR11038083/SRR11038083.coverm.tsv
SRR11038083	k141_1051	16.043846	10.088915	31.29103		coverm	/root/autodl-tmp/abi-real-data/results/metagenomic_plasmid_srr11038083_codex_20260810_12vcpu_62gb/10_abundance/SRR11038083/SRR11038083.coverm.tsv
SRR11038083	k141_207	32.025948	20.53157	63.679203		coverm	/root/autodl-tmp/abi-real-data/results/metagenomic_plasmid_srr11038083_codex_20260810_12vcpu_62gb/10_abundance/SRR11038083/SRR11038083.coverm.tsv
SRR11038083	k141_1052	46.114185	29.29626	90.863144		coverm	/root/autodl-tmp/abi-real-data/results/metagenomic_plasmid_srr11038083_codex_20260810_12vcpu_62gb/10_abundance/SRR11038083/SRR11038083.coverm.tsv
SRR11038083	k141_1478	16.690262	10.79295	33.474598		coverm	/root/autodl-tmp/abi-real-data/results/metagenomic_plasmid_srr11038083_codex_20260810_12vcpu_62gb/10_abundance/SRR11038083/SRR11038083.coverm.tsv
SRR11038083	k141_1053	463.48483	293.9512	911.69714		coverm	/root/autodl-tmp/abi-real-data/results/metagenomic_plasmid_srr11038083_codex_20260810_12vcpu_62gb/10_abundance/SRR11038083/SRR11038083.coverm.tsv
SRR11038083	k141_208	555.1881	363.16742	1126.3729		coverm	/root/autodl-tmp/abi-real-data/results/metagenomic_plasmid_srr11038083_codex_20260810_12vcpu_62gb/10_abundance/SRR11038083/SRR11038083.coverm.tsv
SRR11038083	k141_462	9624.68	7010.026	21741.773		coverm	/root/autodl-tmp/abi-real-data/results/metagenomic_plasmid_srr11038083_codex_20260810_12vcpu_62gb/10_abundance/SRR11038083/SRR11038083.coverm.tsv
SRR11038083	k141_465	2.50813	1.5160085	4.7019362		coverm	/root/autodl-tmp/abi-real-data/results/metagenomic_plasmid_srr11038083_codex_20260810_12vcpu_62gb/10_abundance/SRR11038083/SRR11038083.coverm.tsv
SRR11038083	k141_213	52.5341	75.18733	233.19533		coverm	/root/autodl-tmp/abi-real-data/results/metagenomic_plasmid_srr11038083_codex_20260810_12vcpu_62gb/10_abundance/SRR11038083/SRR11038083.coverm.tsv
SRR11038083	k141_795	24.315287	12.507071	38.791016		coverm	/root/autodl-tmp/abi-real-data/results/metagenomic_plasmid_srr11038083_codex_20260810_12vcpu_62gb/10_abundance/SRR11038083/SRR11038083.coverm.tsv
SRR11038083	k141_214	5.0354304	3.1915076	9.898544		coverm	/root/autodl-tmp/abi-real-data/results/metagenomic_plasmid_srr11038083_codex_20260810_12vcpu_62gb/10_abundance/SRR11038083/SRR11038083.coverm.tsv
SRR11038083	k141_1056	170.01166	111.47521	345.74316		coverm	/root/autodl-tmp/abi-real-data/results/metagenomic_plasmid_srr11038083_codex_20260810_12vcpu_62gb/10_abundance/SRR11038083/SRR11038083.coverm.tsv
SRR11038083	k141_483	4.2512197	2.501414	7.7582026		coverm	/root/autodl-tmp/abi-real-data/results/metagenomic_plasmid_srr11038083_codex_20260810_12vcpu_62gb/10_abundance/SRR11038083/SRR11038083.coverm.tsv
SRR11038083	k141_801	5.855012	3.8285491	11.874347		coverm	/root/autodl-tmp/abi-real-data/results/metagenomic_plasmid_srr11038083_codex_20260810_12vcpu_62gb/10_abundance/SRR11038083/SRR11038083.coverm.tsv
SRR11038083	k141_802	2.8457446	1.7748393	5.5047064		coverm	/root/autodl-tmp/abi-real-data/results/metagenomic_plasmid_srr11038083_codex_20260810_12vcpu_62gb/10_abundance/SRR11038083/SRR11038083.coverm.tsv
SRR11038083	k141_803	3.5789473	2.1751425	6.746257		coverm	/root/autodl-tmp/abi-real-data/results/metagenomic_plasmid_srr11038083_codex_20260810_12vcpu_62gb/10_abundance/SRR11038083/SRR11038083.coverm.tsv
SRR11038083	k141_224	190.19684	125.30281	388.6298		coverm	/root/autodl-tmp/abi-real-data/results/metagenomic_plasmid_srr11038083_codex_20260810_12vcpu_62gb/10_abundance/SRR11038083/SRR11038083.coverm.tsv
SRR11038083	k141_1500	10.470974	6.738369	20.89922		coverm	/root/autodl-tmp/abi-real-data/results/metagenomic_plasmid_srr11038083_codex_20260810_12vcpu_62gb/10_abundance/SRR11038083/SRR11038083.coverm.tsv
SRR11038083	k141_231	1.8344594	1.1217103	3.4790134		coverm	/root/autodl-tmp/abi-real-data/results/metagenomic_plasmid_srr11038083_codex_20260810_12vcpu_62gb/10_abundance/SRR11038083/SRR11038083.coverm.tsv
SRR11038083	k141_810	3.3654618	2.1617157	6.704618		coverm	/root/autodl-tmp/abi-real-data/results/metagenomic_plasmid_srr11038083_codex_20260810_12vcpu_62gb/10_abundance/SRR11038083/SRR11038083.coverm.tsv
SRR11038083	k141_237	16.955555	15.062278	46.71603		coverm	/root/autodl-tmp/abi-real-data/results/metagenomic_plasmid_srr11038083_codex_20260810_12vcpu_62gb/10_abundance/SRR11038083/SRR11038083.coverm.tsv
SRR11038083	k141_1062	26.41701	17.341974	53.786594		coverm	/root/autodl-tmp/abi-real-data/results/metagenomic_plasmid_srr11038083_codex_20260810_12vcpu_62gb/10_abundance/SRR11038083/SRR11038083.coverm.tsv
SRR11038083	k141_239	2.4413793	1.3644077	4.231745		coverm	/root/autodl-tmp/abi-real-data/results/metagenomic_plasmid_srr11038083_codex_20260810_12vcpu_62gb/10_abundance/SRR11038083/SRR11038083.coverm.tsv
SRR11038083	k141_1063	7.6218786	4.8608265	15.075971		coverm	/root/autodl-tmp/abi-real-data/results/metagenomic_plasmid_srr11038083_codex_20260810_12vcpu_62gb/10_abundance/SRR11038083/SRR11038083.coverm.tsv
SRR11038083	k141_241	146.89607	92.37365	286.49915		coverm	/root/autodl-tmp/abi-real-data/results/metagenomic_plasmid_srr11038083_codex_20260810_12vcpu_62gb/10_abundance/SRR11038083/SRR11038083.coverm.tsv
SRR11038083	k141_1505	35.10507	23.153112	71.80994		coverm	/root/autodl-tmp/abi-real-data/results/metagenomic_plasmid_srr11038083_codex_20260810_12vcpu_62gb/10_abundance/SRR11038083/SRR11038083.coverm.tsv
SRR11038083	k141_822	2.89951	1.7931283	5.561431		coverm	/root/autodl-tmp/abi-real-data/results/metagenomic_plasmid_srr11038083_codex_20260810_12vcpu_62gb/10_abundance/SRR11038083/SRR11038083.coverm.tsv
SRR11038083	k141_247	2085.2744	1277.3239	3961.6526		coverm	/root/autodl-tmp/abi-real-data/results/metagenomic_plasmid_srr11038083_codex_20260810_12vcpu_62gb/10_abundance/SRR11038083/SRR11038083.coverm.tsv
SRR11038083	k141_511	2.4328358	1.4253072	4.420625		coverm	/root/autodl-tmp/abi-real-data/results/metagenomic_plasmid_srr11038083_codex_20260810_12vcpu_62gb/10_abundance/SRR11038083/SRR11038083.coverm.tsv
SRR11038083	k141_1066	11.37194	7.613286	23.612797		coverm	/root/autodl-tmp/abi-real-data/results/metagenomic_plasmid_srr11038083_codex_20260810_12vcpu_62gb/10_abundance/SRR11038083/SRR11038083.coverm.tsv
SRR11038083	k141_253	8.045307	5.2424846	16.259697		coverm	/root/autodl-tmp/abi-real-data/results/metagenomic_plasmid_srr11038083_codex_20260810_12vcpu_62gb/10_abundance/SRR11038083/SRR11038083.coverm.tsv
SRR11038083	k141_256	14.528946	9.263642	28.731413		coverm	/root/autodl-tmp/abi-real-data/results/metagenomic_plasmid_srr11038083_codex_20260810_12vcpu_62gb/10_abundance/SRR11038083/SRR11038083.coverm.tsv
SRR11038083	k141_837	2.643158	1.637289	5.0780935		coverm	/root/autodl-tmp/abi-real-data/results/metagenomic_plasmid_srr11038083_codex_20260810_12vcpu_62gb/10_abundance/SRR11038083/SRR11038083.coverm.tsv
SRR11038083	k141_1067	254.38998	167.5595	519.6902		coverm	/root/autodl-tmp/abi-real-data/results/metagenomic_plasmid_srr11038083_codex_20260810_12vcpu_62gb/10_abundance/SRR11038083/SRR11038083.coverm.tsv
SRR11038083	k141_524	197599.8	258865.8	802878.75		coverm	/root/autodl-tmp/abi-real-data/results/metagenomic_plasmid_srr11038083_codex_20260810_12vcpu_62gb/10_abundance/SRR11038083/SRR11038083.coverm.tsv
SRR11038083	k141_525	2.5555556	1.4889369	4.6179767		coverm	/root/autodl-tmp/abi-real-data/results/metagenomic_plasmid_srr11038083_codex_20260810_12vcpu_62gb/10_abundance/SRR11038083/SRR11038083.coverm.tsv
SRR11038083	k141_526	17.305933	11.488395	35.63155		coverm	/root/autodl-tmp/abi-real-data/results/metagenomic_plasmid_srr11038083_codex_20260810_12vcpu_62gb/10_abundance/SRR11038083/SRR11038083.coverm.tsv
SRR11038083	k141_1070	4.51272	2.9983916	9.299585		coverm	/root/autodl-tmp/abi-real-data/results/metagenomic_plasmid_srr11038083_codex_20260810_12vcpu_62gb/10_abundance/SRR11038083/SRR11038083.coverm.tsv
SRR11038083	k141_527	4.60245	2.9596884	9.179547		coverm	/root/autodl-tmp/abi-real-data/results/metagenomic_plasmid_srr11038083_codex_20260810_12vcpu_62gb/10_abundance/SRR11038083/SRR11038083.coverm.tsv
SRR11038083	k141_275	4.0524592	2.1990454	6.8203917		coverm	/root/autodl-tmp/abi-real-data/results/metagenomic_plasmid_srr11038083_codex_20260810_12vcpu_62gb/10_abundance/SRR11038083/SRR11038083.coverm.tsv
SRR11038083	k141_533	2.2328043	1.3265074	4.1141977		coverm	/root/autodl-tmp/abi-real-data/results/metagenomic_plasmid_srr11038083_codex_20260810_12vcpu_62gb/10_abundance/SRR11038083/SRR11038083.coverm.tsv
SRR11038083	k141_279	4.658477	2.5148866	7.799985		coverm	/root/autodl-tmp/abi-real-data/results/metagenomic_plasmid_srr11038083_codex_20260810_12vcpu_62gb/10_abundance/SRR11038083/SRR11038083.coverm.tsv
SRR11038083	k141_855	2.934142	1.9268115	5.976054		coverm	/root/autodl-tmp/abi-real-data/results/metagenomic_plasmid_srr11038083_codex_20260810_12vcpu_62gb/10_abundance/SRR11038083/SRR11038083.coverm.tsv
SRR11038083	k141_280	34.17175	20.321968	63.029095		coverm	/root/autodl-tmp/abi-real-data/results/metagenomic_plasmid_srr11038083_codex_20260810_12vcpu_62gb/10_abundance/SRR11038083/SRR11038083.coverm.tsv
SRR11038083	k141_538	5.44153	3.2882438	10.198568		coverm	/root/autodl-tmp/abi-real-data/results/metagenomic_plasmid_srr11038083_codex_20260810_12vcpu_62gb/10_abundance/SRR11038083/SRR11038083.coverm.tsv
SRR11038083	k141_287	3.8965516	2.2100847	6.8546324		coverm	/root/autodl-tmp/abi-real-data/results/metagenomic_plasmid_srr11038083_codex_20260810_12vcpu_62gb/10_abundance/SRR11038083/SRR11038083.coverm.tsv
SRR11038083	k141_1075	22.445517	14.233987	44.147083		coverm	/root/autodl-tmp/abi-real-data/results/metagenomic_plasmid_srr11038083_codex_20260810_12vcpu_62gb/10_abundance/SRR11038083/SRR11038083.coverm.tsv
SRR11038083	k141_542	3.8924732	2.2611651	7.013057		coverm	/root/autodl-tmp/abi-real-data/results/metagenomic_plasmid_srr11038083_codex_20260810_12vcpu_62gb/10_abundance/SRR11038083/SRR11038083.coverm.tsv
SRR11038083	k141_290	36.21687	21.381382	66.31492		coverm	/root/autodl-tmp/abi-real-data/results/metagenomic_plasmid_srr11038083_codex_20260810_12vcpu_62gb/10_abundance/SRR11038083/SRR11038083.coverm.tsv
SRR11038083	k141_543	1.9351852	1.1600761	3.5980036		coverm	/root/autodl-tmp/abi-real-data/results/metagenomic_plasmid_srr11038083_codex_20260810_12vcpu_62gb/10_abundance/SRR11038083/SRR11038083.coverm.tsv
SRR11038083	k141_291	3.9787233	2.6620553	8.25643		coverm	/root/autodl-tmp/abi-real-data/results/metagenomic_plasmid_srr11038083_codex_20260810_12vcpu_62gb/10_abundance/SRR11038083/SRR11038083.coverm.tsv
SRR11038083	k141_866	2.4179776	1.5393317	4.7742777		coverm	/root/autodl-tmp/abi-real-data/results/metagenomic_plasmid_srr11038083_codex_20260810_12vcpu_62gb/10_abundance/SRR11038083/SRR11038083.coverm.tsv
SRR11038083	k141_1076	10.514308	6.8140674	21.133999		coverm	/root/autodl-tmp/abi-real-data/results/metagenomic_plasmid_srr11038083_codex_20260810_12vcpu_62gb/10_abundance/SRR11038083/SRR11038083.coverm.tsv
SRR11038083	k141_297	2.2587066	1.2688332	3.9353194		coverm	/root/autodl-tmp/abi-real-data/results/metagenomic_plasmid_srr11038083_codex_20260810_12vcpu_62gb/10_abundance/SRR11038083/SRR11038083.coverm.tsv
SRR11038083	k141_555	2.31565	1.5188853	4.7108593		coverm	/root/autodl-tmp/abi-real-data/results/metagenomic_plasmid_srr11038083_codex_20260810_12vcpu_62gb/10_abundance/SRR11038083/SRR11038083.coverm.tsv
SRR11038083	k141_1082	653.8231	418.65775	1298.4779		coverm	/root/autodl-tmp/abi-real-data/results/metagenomic_plasmid_srr11038083_codex_20260810_12vcpu_62gb/10_abundance/SRR11038083/SRR11038083.coverm.tsv
SRR11038083	k141_880	14.711587	9.655411	29.946514		coverm	/root/autodl-tmp/abi-real-data/results/metagenomic_plasmid_srr11038083_codex_20260810_12vcpu_62gb/10_abundance/SRR11038083/SRR11038083.coverm.tsv
SRR11038083	k141_882	2.8300579	1.971558	6.1148386		coverm	/root/autodl-tmp/abi-real-data/results/metagenomic_plasmid_srr11038083_codex_20260810_12vcpu_62gb/10_abundance/SRR11038083/SRR11038083.coverm.tsv
SRR11038083	k141_883	24.564516	15.617965	48.439545		coverm	/root/autodl-tmp/abi-real-data/results/metagenomic_plasmid_srr11038083_codex_20260810_12vcpu_62gb/10_abundance/SRR11038083/SRR11038083.coverm.tsv
SRR11038083	k141_1085	12.342729	7.852672	24.35526		coverm	/root/autodl-tmp/abi-real-data/results/metagenomic_plasmid_srr11038083_codex_20260810_12vcpu_62gb/10_abundance/SRR11038083/SRR11038083.coverm.tsv
SRR11038083	k141_886	7.908497	4.9288945	15.287089		coverm	/root/autodl-tmp/abi-real-data/results/metagenomic_plasmid_srr11038083_codex_20260810_12vcpu_62gb/10_abundance/SRR11038083/SRR11038083.coverm.tsv
SRR11038083	k141_587	1.815331	1.144812	3.5506635		coverm	/root/autodl-tmp/abi-real-data/results/metagenomic_plasmid_srr11038083_codex_20260810_12vcpu_62gb/10_abundance/SRR11038083/SRR11038083.coverm.tsv
SRR11038083	k141_588	1.858423	1.1305826	3.5065303		coverm	/root/autodl-tmp/abi-real-data/results/metagenomic_plasmid_srr11038083_codex_20260810_12vcpu_62gb/10_abundance/SRR11038083/SRR11038083.coverm.tsv
SRR11038083	k141_1088	8.209152	5.341598	16.567097		coverm	/root/autodl-tmp/abi-real-data/results/metagenomic_plasmid_srr11038083_codex_20260810_12vcpu_62gb/10_abundance/SRR11038083/SRR11038083.coverm.tsv
SRR11038083	k141_1090	119.36098	75.83696	235.21019		coverm	/root/autodl-tmp/abi-real-data/results/metagenomic_plasmid_srr11038083_codex_20260810_12vcpu_62gb/10_abundance/SRR11038083/SRR11038083.coverm.tsv
SRR11038083	k141_891	234.622	154.0389	477.75552		coverm	/root/autodl-tmp/abi-real-data/results/metagenomic_plasmid_srr11038083_codex_20260810_12vcpu_62gb/10_abundance/SRR11038083/SRR11038083.coverm.tsv
SRR11038083	k141_600	4.699187	2.8918083	8.969016		coverm	/root/autodl-tmp/abi-real-data/results/metagenomic_plasmid_srr11038083_codex_20260810_12vcpu_62gb/10_abundance/SRR11038083/SRR11038083.coverm.tsv
SRR11038083	k141_1093	10.227559	6.69759	20.772741		coverm	/root/autodl-tmp/abi-real-data/results/metagenomic_plasmid_srr11038083_codex_20260810_12vcpu_62gb/10_abundance/SRR11038083/SRR11038083.coverm.tsv
SRR11038083	k141_908	5.098976	2.9908214	9.276113		coverm	/root/autodl-tmp/abi-real-data/results/metagenomic_plasmid_srr11038083_codex_20260810_12vcpu_62gb/10_abundance/SRR11038083/SRR11038083.coverm.tsv
SRR11038083	k141_1110	133.36931	86.84276	269.34494		coverm	/root/autodl-tmp/abi-real-data/results/metagenomic_plasmid_srr11038083_codex_20260810_12vcpu_62gb/10_abundance/SRR11038083/SRR11038083.coverm.tsv
SRR11038083	k141_1111	197.90326	127.098885	394.20038		coverm	/root/autodl-tmp/abi-real-data/results/metagenomic_plasmid_srr11038083_codex_20260810_12vcpu_62gb/10_abundance/SRR11038083/SRR11038083.coverm.tsv
SRR11038083	k141_1124	831.2032	550.0819	1706.0928		coverm	/root/autodl-tmp/abi-real-data/results/metagenomic_plasmid_srr11038083_codex_20260810_12vcpu_62gb/10_abundance/SRR11038083/SRR11038083.coverm.tsv
SRR11038083	k141_1126	40.559254	26.59247	82.47722		coverm	/root/autodl-tmp/abi-real-data/results/metagenomic_plasmid_srr11038083_codex_20260810_12vcpu_62gb/10_abundance/SRR11038083/SRR11038083.coverm.tsv
SRR11038083	k141_1128	9.080043	6.0151815	18.656239		coverm	/root/autodl-tmp/abi-real-data/results/metagenomic_plasmid_srr11038083_codex_20260810_12vcpu_62gb/10_abundance/SRR11038083/SRR11038083.coverm.tsv
SRR11038083	k141_1141	23.714602	15.488538	48.038116		coverm	/root/autodl-tmp/abi-real-data/results/metagenomic_plasmid_srr11038083_codex_20260810_12vcpu_62gb/10_abundance/SRR11038083/SRR11038083.coverm.tsv
SRR11038083	k141_1145	80.56208	51.28573	159.06393		coverm	/root/autodl-tmp/abi-real-data/results/metagenomic_plasmid_srr11038083_codex_20260810_12vcpu_62gb/10_abundance/SRR11038083/SRR11038083.coverm.tsv
SRR11038083	k141_1146	225.53105	147.43112	457.26147		coverm	/root/autodl-tmp/abi-real-data/results/metagenomic_plasmid_srr11038083_codex_20260810_12vcpu_62gb/10_abundance/SRR11038083/SRR11038083.coverm.tsv
SRR11038083	k141_1148	21.7063	14.436831	44.77619		coverm	/root/autodl-tmp/abi-real-data/results/metagenomic_plasmid_srr11038083_codex_20260810_12vcpu_62gb/10_abundance/SRR11038083/SRR11038083.coverm.tsv
SRR11038083	k141_1155	36.733265	23.120056	71.70742		coverm	/root/autodl-tmp/abi-real-data/results/metagenomic_plasmid_srr11038083_codex_20260810_12vcpu_62gb/10_abundance/SRR11038083/SRR11038083.coverm.tsv
SRR11038083	k141_1187	162.59474	107.17758	332.41394		coverm	/root/autodl-tmp/abi-real-data/results/metagenomic_plasmid_srr11038083_codex_20260810_12vcpu_62gb/10_abundance/SRR11038083/SRR11038083.coverm.tsv
SRR11038083	k141_1203	33.03159	21.343676	66.19796		coverm	/root/autodl-tmp/abi-real-data/results/metagenomic_plasmid_srr11038083_codex_20260810_12vcpu_62gb/10_abundance/SRR11038083/SRR11038083.coverm.tsv
SRR11038083	k141_1213	802.9825	527.8521	1637.1471		coverm	/root/autodl-tmp/abi-real-data/results/metagenomic_plasmid_srr11038083_codex_20260810_12vcpu_62gb/10_abundance/SRR11038083/SRR11038083.coverm.tsv
