run_accession	sample_accession	group	project	country	fastq_ftp_r1	fastq_ftp_r2	md5_r1	md5_r2	bytes_r1	bytes_r2	read_count	base_count
SRR14874679	SAMN19715360	NC	PRJNA737472	USA	ftp.sra.ebi.ac.uk/vol1/fastq/SRR148/079/SRR14874679/SRR14874679_1.fastq.gz	ftp.sra.ebi.ac.uk/vol1/fastq/SRR148/079/SRR14874679/SRR14874679_2.fastq.gz	bf6db6aa8156096fc0ccee30f76560cc	04a243f0169dc533c60c8c3316c68634	5222831428	5309079302	66867530	20193994060
SRR14874680	SAMN19715359	NC	PRJNA737472	USA	ftp.sra.ebi.ac.uk/vol1/fastq/SRR148/080/SRR14874680/SRR14874680_1.fastq.gz	ftp.sra.ebi.ac.uk/vol1/fastq/SRR148/080/SRR14874680/SRR14874680_2.fastq.gz	dd461b51371f6081d4357babf242a209	97b0725f68a64618f8ed35fe813fa6cf	5043504988	5099570549	64569919	19500115538
SRR14874685	SAMN19715357	NC	PRJNA737472	USA	ftp.sra.ebi.ac.uk/vol1/fastq/SRR148/085/SRR14874685/SRR14874685_1.fastq.gz	ftp.sra.ebi.ac.uk/vol1/fastq/SRR148/085/SRR14874685/SRR14874685_2.fastq.gz	472bce3385bb17939ef76342bb21815c	81f95b3eaa9053a9821f581d6d2320ca	3743685342	3813508618	47686236	14401243272
SRR14874690	SAMN19715363	NC	PRJNA737472	USA	ftp.sra.ebi.ac.uk/vol1/fastq/SRR148/090/SRR14874690/SRR14874690_1.fastq.gz	ftp.sra.ebi.ac.uk/vol1/fastq/SRR148/090/SRR14874690/SRR14874690_2.fastq.gz	98a38928af69cacca408bf8fccbb4ecc	5ee7be64d2483eda876bf54ed508e4c4	4049584518	4096652545	51478138	15546397676
SRR14874691	SAMN19715362	NC	PRJNA737472	USA	ftp.sra.ebi.ac.uk/vol1/fastq/SRR148/091/SRR14874691/SRR14874691_1.fastq.gz	ftp.sra.ebi.ac.uk/vol1/fastq/SRR148/091/SRR14874691/SRR14874691_2.fastq.gz	5f4ef739266b5a7b0d605eb8c9fed741	76a665b62a0243bee3bd0d509b0b2e89	5128344007	5156779310	65398146	19750240092
SRR14874694	SAMN19715382	NC	PRJNA737472	USA	ftp.sra.ebi.ac.uk/vol1/fastq/SRR148/094/SRR14874694/SRR14874694_1.fastq.gz	ftp.sra.ebi.ac.uk/vol1/fastq/SRR148/094/SRR14874694/SRR14874694_2.fastq.gz	e91252977742771383c5bf2207efb70a	65928ec6747efa639421d13a26e00871	3730806649	3817083837	47251062	14269820724
SRR14874695	SAMN19715350	NC	PRJNA737472	USA	ftp.sra.ebi.ac.uk/vol1/fastq/SRR148/095/SRR14874695/SRR14874695_1.fastq.gz	ftp.sra.ebi.ac.uk/vol1/fastq/SRR148/095/SRR14874695/SRR14874695_2.fastq.gz	1b7aea6b2b1127213756f3d38c0b9093	08f5f0bd9b7f1fa2479153f8c193bd08	3980288219	4035392787	50644637	15294680374
SRR14874696	SAMN19715349	NC	PRJNA737472	USA	ftp.sra.ebi.ac.uk/vol1/fastq/SRR148/096/SRR14874696/SRR14874696_1.fastq.gz	ftp.sra.ebi.ac.uk/vol1/fastq/SRR148/096/SRR14874696/SRR14874696_2.fastq.gz	8a7428e08139a31f6b157017923e595e	140c5dbc2cb190aa3533ce7f48a4fe50	4370075221	4451182169	55921384	16888257968
SRR14874697	SAMN19715348	NC	PRJNA737472	USA	ftp.sra.ebi.ac.uk/vol1/fastq/SRR148/097/SRR14874697/SRR14874697_1.fastq.gz	ftp.sra.ebi.ac.uk/vol1/fastq/SRR148/097/SRR14874697/SRR14874697_2.fastq.gz	c04c91c723f13e00b1e502e046dc97cf	94d465126c8c0d0b63535ae26bc7d9a2	4367747358	4454009581	55458985	16748613470
SRR14874698	SAMN19715339	NC	PRJNA737472	USA	ftp.sra.ebi.ac.uk/vol1/fastq/SRR148/098/SRR14874698/SRR14874698_1.fastq.gz	ftp.sra.ebi.ac.uk/vol1/fastq/SRR148/098/SRR14874698/SRR14874698_2.fastq.gz	eac1f31619e62be7baa33697b233a88c	eef537f6bc3f0d37f10aa81debfad740	4600056025	4628419590	58591344	17694585888
ERR1620255	SAMEA4431868	CD	ERP017091	China	ftp.sra.ebi.ac.uk/vol1/fastq/ERR162/005/ERR1620255/ERR1620255_1.fastq.gz	ftp.sra.ebi.ac.uk/vol1/fastq/ERR162/005/ERR1620255/ERR1620255_2.fastq.gz	d3fd99c500e3bebe5382d2d36f70729e	5342b810ae578fc6c30e84954a021e82	2107016272	2116715844	24474122	4788954109
ERR1620256	SAMEA4431869	CD	ERP017091	China	ftp.sra.ebi.ac.uk/vol1/fastq/ERR162/006/ERR1620256/ERR1620256_1.fastq.gz	ftp.sra.ebi.ac.uk/vol1/fastq/ERR162/006/ERR1620256/ERR1620256_2.fastq.gz	2ce2f30e4c0bb0f9b3e68bb0790cb91a	3274f97c6828b918c085e86c65aababb	2127733331	2132862204	24865185	4883842065
ERR1620257	SAMEA4431870	CD	ERP017091	China	ftp.sra.ebi.ac.uk/vol1/fastq/ERR162/007/ERR1620257/ERR1620257_1.fastq.gz	ftp.sra.ebi.ac.uk/vol1/fastq/ERR162/007/ERR1620257/ERR1620257_2.fastq.gz	ae8f29d5b37c331b64020d290f0ebb78	d8450a73adb6dbda6da9485825fc8458	2158146068	2156280510	25248650	4961580493
ERR1620258	SAMEA4431871	CD	ERP017091	China	ftp.sra.ebi.ac.uk/vol1/fastq/ERR162/008/ERR1620258/ERR1620258_1.fastq.gz	ftp.sra.ebi.ac.uk/vol1/fastq/ERR162/008/ERR1620258/ERR1620258_2.fastq.gz	dc766d3247d30cb92b17ba84558f6dc0	5a3742139ab073d1719a87413175d1a9	2125607833	2136196429	24649154	4825779233
ERR1620259	SAMEA4431872	CD	ERP017091	China	ftp.sra.ebi.ac.uk/vol1/fastq/ERR162/009/ERR1620259/ERR1620259_1.fastq.gz	ftp.sra.ebi.ac.uk/vol1/fastq/ERR162/009/ERR1620259/ERR1620259_2.fastq.gz	b84f3188d9edbf4adde0769a23b0fc7d	d96e61e1087789910a571110fbe71cb9	2169128406	2184131228	25001347	4864561375
ERR1620260	SAMEA4431873	CD	ERP017091	China	ftp.sra.ebi.ac.uk/vol1/fastq/ERR162/000/ERR1620260/ERR1620260_1.fastq.gz	ftp.sra.ebi.ac.uk/vol1/fastq/ERR162/000/ERR1620260/ERR1620260_2.fastq.gz	6495e41b9318e113088fdb7fb8d8ec03	1c16ef9ca15f897efce939a8360ad434	2852551286	2856150623	33322190	6547777053
ERR1620261	SAMEA4431874	CD	ERP017091	China	ftp.sra.ebi.ac.uk/vol1/fastq/ERR162/001/ERR1620261/ERR1620261_1.fastq.gz	ftp.sra.ebi.ac.uk/vol1/fastq/ERR162/001/ERR1620261/ERR1620261_2.fastq.gz	2a54ef87a40066fc87aed01405b50c64	6005d99921b2a9c490688f1bea32b77f	1997889614	2009910675	22227488	4253506036
ERR1620263	SAMEA4431876	CD	ERP017091	China	ftp.sra.ebi.ac.uk/vol1/fastq/ERR162/003/ERR1620263/ERR1620263_1.fastq.gz	ftp.sra.ebi.ac.uk/vol1/fastq/ERR162/003/ERR1620263/ERR1620263_2.fastq.gz	8afa3207ddf90426b632fcbd7d0620d1	cc7c4a2e5a0aca796c4925d25d9b837e	2572390849	2592066510	29179768	5684371778
ERR1620264	SAMEA4431877	CD	ERP017091	China	ftp.sra.ebi.ac.uk/vol1/fastq/ERR162/004/ERR1620264/ERR1620264_1.fastq.gz	ftp.sra.ebi.ac.uk/vol1/fastq/ERR162/004/ERR1620264/ERR1620264_2.fastq.gz	7ca172da64a13e4966abc58a06331ae7	a66eb89ea0d76a1844f3bb1caf5694ab	2398964606	2413817402	27268477	5336538964
ERR1620265	SAMEA4431878	CD	ERP017091	China	ftp.sra.ebi.ac.uk/vol1/fastq/ERR162/005/ERR1620265/ERR1620265_1.fastq.gz	ftp.sra.ebi.ac.uk/vol1/fastq/ERR162/005/ERR1620265/ERR1620265_2.fastq.gz	64de7e58e11e475af3e6446468931f3e	44c695ec25edbc6b2a4f9589b088067f	2296157159	2304278484	26846595	5285441399
SRR14874720	SAMN19715464	UC	PRJNA737472	USA	ftp.sra.ebi.ac.uk/vol1/fastq/SRR148/020/SRR14874720/SRR14874720_1.fastq.gz	ftp.sra.ebi.ac.uk/vol1/fastq/SRR148/020/SRR14874720/SRR14874720_2.fastq.gz	f18d8638ebee23181fec522f527c9052	e28f0ea0f0b77e68bb17780f82cc1bda	377596466	381998442	4727769	1427786238
SRR14874734	SAMN19715447	UC	PRJNA737472	USA	ftp.sra.ebi.ac.uk/vol1/fastq/SRR148/034/SRR14874734/SRR14874734_1.fastq.gz	ftp.sra.ebi.ac.uk/vol1/fastq/SRR148/034/SRR14874734/SRR14874734_2.fastq.gz	dac78b5452cdb6d565c7e51bfe5fe70f	54a22e374df28dfe094077eab2853b8d	436628855	436580641	5770002	1742540604
SRR14874764	SAMN19715488	UC	PRJNA737472	USA	ftp.sra.ebi.ac.uk/vol1/fastq/SRR148/064/SRR14874764/SRR14874764_1.fastq.gz	ftp.sra.ebi.ac.uk/vol1/fastq/SRR148/064/SRR14874764/SRR14874764_2.fastq.gz	7bcba4a1e98f3f46bb6720a7b3377419	871e1e206415f4d6e732aa0ec4450a4f	425282575	449746907	5961673	1800425246
SRR14874773	SAMN19715404	UC	PRJNA737472	USA	ftp.sra.ebi.ac.uk/vol1/fastq/SRR148/073/SRR14874773/SRR14874773_1.fastq.gz	ftp.sra.ebi.ac.uk/vol1/fastq/SRR148/073/SRR14874773/SRR14874773_2.fastq.gz	488c185756296200e525f71b833b237f	bd3bc65b4b495da40f4f6b8958ae95c8	4581114954	4789941205	64143937	19371468974
SRR14874774	SAMN19715398	UC	PRJNA737472	USA	ftp.sra.ebi.ac.uk/vol1/fastq/SRR148/074/SRR14874774/SRR14874774_1.fastq.gz	ftp.sra.ebi.ac.uk/vol1/fastq/SRR148/074/SRR14874774/SRR14874774_2.fastq.gz	cc29e620446ff7f99f97624103dbd164	779646335ca38cdc08ad587c7ec9e670	2786907561	2881045861	39441210	11911245420
SRR14874822	SAMN19715505	UC	PRJNA737472	USA	ftp.sra.ebi.ac.uk/vol1/fastq/SRR148/022/SRR14874822/SRR14874822_1.fastq.gz	ftp.sra.ebi.ac.uk/vol1/fastq/SRR148/022/SRR14874822/SRR14874822_2.fastq.gz	613e901065f1f3670a617c776c841188	ae0adac395b09060b8bb521e1905c46c	3345614894	3398497411	42356251	12791587802
SRR14874824	SAMN19715506	UC	PRJNA737472	USA	ftp.sra.ebi.ac.uk/vol1/fastq/SRR148/024/SRR14874824/SRR14874824_1.fastq.gz	ftp.sra.ebi.ac.uk/vol1/fastq/SRR148/024/SRR14874824/SRR14874824_2.fastq.gz	b7c7b5511d4239beed5acb0594392711	7a855a203db4c1545419f40e68879b11	2390766026	2424729943	30750412	9286624424
SRR14874825	SAMN19715504	UC	PRJNA737472	USA	ftp.sra.ebi.ac.uk/vol1/fastq/SRR148/025/SRR14874825/SRR14874825_1.fastq.gz	ftp.sra.ebi.ac.uk/vol1/fastq/SRR148/025/SRR14874825/SRR14874825_2.fastq.gz	d662833b126e47fb62fab429bbb9986b	6dc7c861ee218d603333d96db161b597	4989255404	5058007094	63947309	19312087318
SRR14874833	SAMN19715388	UC	PRJNA737472	USA	ftp.sra.ebi.ac.uk/vol1/fastq/SRR148/033/SRR14874833/SRR14874833_1.fastq.gz	ftp.sra.ebi.ac.uk/vol1/fastq/SRR148/033/SRR14874833/SRR14874833_2.fastq.gz	046377c65a218de1df686fb26af62f1b	6ac3a3c1813213197bea320feaaf8b3a	2471628296	2501852092	33430585	10096036670
SRR14874834	SAMN19715387	UC	PRJNA737472	USA	ftp.sra.ebi.ac.uk/vol1/fastq/SRR148/034/SRR14874834/SRR14874834_1.fastq.gz	ftp.sra.ebi.ac.uk/vol1/fastq/SRR148/034/SRR14874834/SRR14874834_2.fastq.gz	40b03688e88945fd93505f0590c9b2c2	795c5c81f4225b0a3b53a1e7f39b5e47	3791794904	3733247831	48678793	14700995486
