sample_id	r1	r2	group
SRR14874679	/root/autodl-tmp/abi-real-data/raw/case3_ibd_easymetagenome/NC/SRR14874679_1.fastq.gz	/root/autodl-tmp/abi-real-data/raw/case3_ibd_easymetagenome/NC/SRR14874679_2.fastq.gz	NC
SRR14874680	/root/autodl-tmp/abi-real-data/raw/case3_ibd_easymetagenome/NC/SRR14874680_1.fastq.gz	/root/autodl-tmp/abi-real-data/raw/case3_ibd_easymetagenome/NC/SRR14874680_2.fastq.gz	NC
SRR14874685	/root/autodl-tmp/abi-real-data/raw/case3_ibd_easymetagenome/NC/SRR14874685_1.fastq.gz	/root/autodl-tmp/abi-real-data/raw/case3_ibd_easymetagenome/NC/SRR14874685_2.fastq.gz	NC
SRR14874690	/root/autodl-tmp/abi-real-data/raw/case3_ibd_easymetagenome/NC/SRR14874690_1.fastq.gz	/root/autodl-tmp/abi-real-data/raw/case3_ibd_easymetagenome/NC/SRR14874690_2.fastq.gz	NC
SRR14874691	/root/autodl-tmp/abi-real-data/raw/case3_ibd_easymetagenome/NC/SRR14874691_1.fastq.gz	/root/autodl-tmp/abi-real-data/raw/case3_ibd_easymetagenome/NC/SRR14874691_2.fastq.gz	NC
SRR14874694	/root/autodl-tmp/abi-real-data/raw/case3_ibd_easymetagenome/NC/SRR14874694_1.fastq.gz	/root/autodl-tmp/abi-real-data/raw/case3_ibd_easymetagenome/NC/SRR14874694_2.fastq.gz	NC
SRR14874695	/root/autodl-tmp/abi-real-data/raw/case3_ibd_easymetagenome/NC/SRR14874695_1.fastq.gz	/root/autodl-tmp/abi-real-data/raw/case3_ibd_easymetagenome/NC/SRR14874695_2.fastq.gz	NC
SRR14874696	/root/autodl-tmp/abi-real-data/raw/case3_ibd_easymetagenome/NC/SRR14874696_1.fastq.gz	/root/autodl-tmp/abi-real-data/raw/case3_ibd_easymetagenome/NC/SRR14874696_2.fastq.gz	NC
SRR14874697	/root/autodl-tmp/abi-real-data/raw/case3_ibd_easymetagenome/NC/SRR14874697_1.fastq.gz	/root/autodl-tmp/abi-real-data/raw/case3_ibd_easymetagenome/NC/SRR14874697_2.fastq.gz	NC
SRR14874698	/root/autodl-tmp/abi-real-data/raw/case3_ibd_easymetagenome/NC/SRR14874698_1.fastq.gz	/root/autodl-tmp/abi-real-data/raw/case3_ibd_easymetagenome/NC/SRR14874698_2.fastq.gz	NC
ERR1620255	/root/autodl-tmp/abi-real-data/raw/case3_ibd_easymetagenome/CD/ERR1620255_1.fastq.gz	/root/autodl-tmp/abi-real-data/raw/case3_ibd_easymetagenome/CD/ERR1620255_2.fastq.gz	CD
ERR1620256	/root/autodl-tmp/abi-real-data/raw/case3_ibd_easymetagenome/CD/ERR1620256_1.fastq.gz	/root/autodl-tmp/abi-real-data/raw/case3_ibd_easymetagenome/CD/ERR1620256_2.fastq.gz	CD
ERR1620257	/root/autodl-tmp/abi-real-data/raw/case3_ibd_easymetagenome/CD/ERR1620257_1.fastq.gz	/root/autodl-tmp/abi-real-data/raw/case3_ibd_easymetagenome/CD/ERR1620257_2.fastq.gz	CD
ERR1620258	/root/autodl-tmp/abi-real-data/raw/case3_ibd_easymetagenome/CD/ERR1620258_1.fastq.gz	/root/autodl-tmp/abi-real-data/raw/case3_ibd_easymetagenome/CD/ERR1620258_2.fastq.gz	CD
ERR1620259	/root/autodl-tmp/abi-real-data/raw/case3_ibd_easymetagenome/CD/ERR1620259_1.fastq.gz	/root/autodl-tmp/abi-real-data/raw/case3_ibd_easymetagenome/CD/ERR1620259_2.fastq.gz	CD
ERR1620260	/root/autodl-tmp/abi-real-data/raw/case3_ibd_easymetagenome/CD/ERR1620260_1.fastq.gz	/root/autodl-tmp/abi-real-data/raw/case3_ibd_easymetagenome/CD/ERR1620260_2.fastq.gz	CD
ERR1620261	/root/autodl-tmp/abi-real-data/raw/case3_ibd_easymetagenome/CD/ERR1620261_1.fastq.gz	/root/autodl-tmp/abi-real-data/raw/case3_ibd_easymetagenome/CD/ERR1620261_2.fastq.gz	CD
ERR1620263	/root/autodl-tmp/abi-real-data/raw/case3_ibd_easymetagenome/CD/ERR1620263_1.fastq.gz	/root/autodl-tmp/abi-real-data/raw/case3_ibd_easymetagenome/CD/ERR1620263_2.fastq.gz	CD
ERR1620264	/root/autodl-tmp/abi-real-data/raw/case3_ibd_easymetagenome/CD/ERR1620264_1.fastq.gz	/root/autodl-tmp/abi-real-data/raw/case3_ibd_easymetagenome/CD/ERR1620264_2.fastq.gz	CD
ERR1620265	/root/autodl-tmp/abi-real-data/raw/case3_ibd_easymetagenome/CD/ERR1620265_1.fastq.gz	/root/autodl-tmp/abi-real-data/raw/case3_ibd_easymetagenome/CD/ERR1620265_2.fastq.gz	CD
SRR14874720	/root/autodl-tmp/abi-real-data/raw/case3_ibd_easymetagenome/UC/SRR14874720_1.fastq.gz	/root/autodl-tmp/abi-real-data/raw/case3_ibd_easymetagenome/UC/SRR14874720_2.fastq.gz	UC
SRR14874734	/root/autodl-tmp/abi-real-data/raw/case3_ibd_easymetagenome/UC/SRR14874734_1.fastq.gz	/root/autodl-tmp/abi-real-data/raw/case3_ibd_easymetagenome/UC/SRR14874734_2.fastq.gz	UC
SRR14874764	/root/autodl-tmp/abi-real-data/raw/case3_ibd_easymetagenome/UC/SRR14874764_1.fastq.gz	/root/autodl-tmp/abi-real-data/raw/case3_ibd_easymetagenome/UC/SRR14874764_2.fastq.gz	UC
SRR14874773	/root/autodl-tmp/abi-real-data/raw/case3_ibd_easymetagenome/UC/SRR14874773_1.fastq.gz	/root/autodl-tmp/abi-real-data/raw/case3_ibd_easymetagenome/UC/SRR14874773_2.fastq.gz	UC
SRR14874774	/root/autodl-tmp/abi-real-data/raw/case3_ibd_easymetagenome/UC/SRR14874774_1.fastq.gz	/root/autodl-tmp/abi-real-data/raw/case3_ibd_easymetagenome/UC/SRR14874774_2.fastq.gz	UC
SRR14874822	/root/autodl-tmp/abi-real-data/raw/case3_ibd_easymetagenome/UC/SRR14874822_1.fastq.gz	/root/autodl-tmp/abi-real-data/raw/case3_ibd_easymetagenome/UC/SRR14874822_2.fastq.gz	UC
SRR14874824	/root/autodl-tmp/abi-real-data/raw/case3_ibd_easymetagenome/UC/SRR14874824_1.fastq.gz	/root/autodl-tmp/abi-real-data/raw/case3_ibd_easymetagenome/UC/SRR14874824_2.fastq.gz	UC
SRR14874825	/root/autodl-tmp/abi-real-data/raw/case3_ibd_easymetagenome/UC/SRR14874825_1.fastq.gz	/root/autodl-tmp/abi-real-data/raw/case3_ibd_easymetagenome/UC/SRR14874825_2.fastq.gz	UC
SRR14874833	/root/autodl-tmp/abi-real-data/raw/case3_ibd_easymetagenome/UC/SRR14874833_1.fastq.gz	/root/autodl-tmp/abi-real-data/raw/case3_ibd_easymetagenome/UC/SRR14874833_2.fastq.gz	UC
SRR14874834	/root/autodl-tmp/abi-real-data/raw/case3_ibd_easymetagenome/UC/SRR14874834_1.fastq.gz	/root/autodl-tmp/abi-real-data/raw/case3_ibd_easymetagenome/UC/SRR14874834_2.fastq.gz	UC
